TRUNCATE TABLE complexe RESTART IDENTITY CASCADE;
TRUNCATE TABLE logement RESTART IDENTITY CASCADE;
TRUNCATE TABLE personne RESTART IDENTITY CASCADE;
TRUNCATE TABLE activite RESTART IDENTITY CASCADE;
TRUNCATE TABLE organisation RESTART IDENTITY CASCADE;
TRUNCATE TABLE reservation RESTART IDENTITY CASCADE;
TRUNCATE TABLE participation RESTART IDENTITY CASCADE;
TRUNCATE TABLE equipement RESTART IDENTITY CASCADE;
TRUNCATE TABLE intervenant RESTART IDENTITY CASCADE;
TRUNCATE TABLE intervention RESTART IDENTITY CASCADE;
TRUNCATE TABLE interv_equi RESTART IDENTITY CASCADE;

INSERT INTO complexe(
	id_complexe, emplacement)
	VALUES
	(1, 'montagne'),
	(2, 'bord de mer');

INSERT INTO logement(
	id_logement, id_complexe, type_logement, nb_chambres, prix_jour)
	VALUES
	(1, 1, 'Appartement', 2, 72.5),
	(2, 1, 'Maison', 3, 85.0),
	(3, 1, 'Studio', 1, 54.3),
	(4, 1, 'Appartement', 3, 90.7),
	(5, 1, 'Maison', 4, 77.8),
	(6, 1, 'Appartement', 2, 65.0),
	(7, 1, 'Studio', 1, 50.0),
	(8, 1, 'Appartement', 3, 92.0),
	(9, 1, 'Maison', 5, 97.5),
	(10, 1, 'Appartement', 2, 75.3),
	(11, 1, 'Maison', 4, 88.9),
	(12, 1, 'Studio', 1, 53.5),
	(13, 1, 'Appartement', 3, 79.9),
	(14, 1, 'Maison', 4, 95.4),
	(15, 1, 'Studio', 1, 51.2),
	(16, 1, 'Appartement', 2, 69.0),
	(17, 1, 'Maison', 3, 82.7),
	(18, 1, 'Appartement', 3, 93.1),
	(19, 1, 'Maison', 4, 99.0),
	(20, 1, 'Studio', 1, 56.5),
	(21, 1, 'Appartement', 2, 74.9),
	(22, 1, 'Maison', 4, 89.0),
	(23, 1, 'Appartement', 3, 95.2),
	(24, 1, 'Appartement', 2, 67.8),
	(25, 1, 'Maison', 5, 92.3),
	(26, 1, 'Appartement', 3, 78.5),
	(27, 1, 'Maison', 4, 97.7),
	(28, 1, 'Studio', 1, 55.0),
	(29, 1, 'Appartement', 2, 73.4),
	(30, 1, 'Maison', 3, 88.1),
	(31, 1, 'Appartement', 4, 98.5),
	(32, 1, 'Maison', 5, 90.0),
	(33, 1, 'Studio', 1, 52.0),
	(34, 1, 'Appartement', 3, 84.3),
	(35, 1, 'Maison', 4, 96.7),
	(36, 1, 'Studio', 1, 58.8),
	(37, 1, 'Appartement', 2, 65.4),
	(38, 1, 'Appartement', 3, 91.0),
	(39, 1, 'Maison', 4, 87.6),
	(40, 1, 'Appartement', 2, 70.0),
	(41, 1, 'Maison', 3, 81.9),
	(42, 1, 'Studio', 1, 54.9),
	(43, 1, 'Appartement', 3, 92.1),
	(44, 1, 'Maison', 4, 99.5),
	(45, 1, 'Appartement', 2, 72.3),
	(46, 1, 'Appartement', 2, 76.0),
	(47, 1, 'Maison', 4, 89.7),
	(48, 1, 'Appartement', 3, 97.2),
	(49, 1, 'Studio', 1, 51.9),
	(50, 1, 'Maison', 4, 98.0),
	(51, 2, 'Appartement', 3, 80.4),
	(52, 2, 'Appartement', 2, 66.5),
	(53, 2, 'Maison', 3, 85.2),
	(54, 2, 'Studio', 1, 54.0),
	(55, 2, 'Appartement', 4, 96.8),
	(56, 2, 'Maison', 4, 91.7),
	(57, 2, 'Appartement', 2, 69.2),
	(58, 2, 'Appartement', 3, 88.9),
	(59, 2, 'Maison', 5, 95.0),
	(60, 2, 'Studio', 1, 57.4),
	(61, 2, 'Appartement', 3, 93.0),
	(62, 2, 'Maison', 4, 97.6),
	(63, 2, 'Appartement', 2, 73.2),
	(64, 2, 'Appartement', 3, 81.4),
	(65, 2, 'Maison', 4, 90.2),
	(66, 2, 'Appartement', 2, 71.8),
	(67, 2, 'Maison', 5, 99.3),
	(68, 2, 'Studio', 1, 55.6),
	(69, 2, 'Appartement', 3, 92.5),
	(70, 2, 'Maison', 4, 98.1),
	(71, 2, 'Appartement', 2, 74.4),
	(72, 2, 'Appartement', 3, 88.3),
	(73, 2, 'Maison', 4, 93.8),
	(74, 2, 'Studio', 1, 51.0),
	(75, 2, 'Appartement', 3, 82.4),
	(76, 2, 'Maison', 5, 94.5),
	(77, 2, 'Appartement', 2, 77.9),
	(78, 2, 'Appartement', 3, 89.7),
	(79, 2, 'Maison', 4, 99.9),
	(80, 2, 'Appartement', 2, 70.8),
	(81, 2, 'Maison', 3, 86.3),
	(82, 2, 'Studio', 1, 53.6),
	(83, 2, 'Appartement', 3, 91.8),
	(84, 2, 'Maison', 4, 97.0),
	(85, 2, 'Appartement', 2, 75.5),
	(86, 2, 'Appartement', 3, 82.1),
	(87, 2, 'Maison', 5, 94.7),
	(88, 2, 'Studio', 1, 52.5),
	(89, 2, 'Appartement', 2, 68.4),
	(90, 2, 'Maison', 4, 95.8);

INSERT INTO personne (
	id_personne, nom, prenom, date_de_naissance, mail)
	VALUES
	(1, 'Dupont', 'Jean', '1990-05-15', 'jean.dupont@gmail.com'),
	(2, 'Martin', 'Claire', '1985-08-20', 'claire.martin@gmail.com'),
	(3, 'Lemoine', 'Pierre', '1992-03-10', 'pierre.lemoine@gmail.com'),
	(4, 'Dufresne', 'Sophie', '1988-11-25', 'sophie.dufresne@gmail.com'),
	(5, 'Bernard', 'Lucie', '1995-07-05', 'lucie.bernard@gmail.com'),
	(6, 'Giraud', 'Marc', '1982-02-13', 'marc.giraud@gmail.com'),
	(7, 'Leclerc', 'Emma', '1994-09-30', 'emma.leclerc@gmail.com'),
	(8, 'Petit', 'Antoine', '1987-12-02', 'antoine.petit@gmail.com'),
	(9, 'Roux', 'Valérie', '1993-01-25', 'valerie.roux@gmail.com'),
	(10, 'Faure', 'François', '1980-06-18', 'francois.faure@gmail.com'),
	(11, 'Blanc', 'Julien', '1991-07-23', 'julien.blanc@gmail.com'),
	(12, 'Moreau', 'Isabelle', '1986-03-16', 'isabelle.moreau@gmail.com'),
	(13, 'Girard', 'Michel', '1984-11-11', 'michel.girard@gmail.com'),
	(14, 'Chauvin', 'Charlotte', '1996-05-12', 'charlotte.chauvin@gmail.com'),
	(15, 'Vidal', 'Maxime', '1992-08-05', 'maxime.vidal@gmail.com'),
	(16, 'Benoit', 'Alice', '1994-02-22', 'alice.benoit@gmail.com'),
	(17, 'Gomez', 'Lucas', '1989-01-30', 'lucas.gomez@gmail.com'),
	(18, 'Delorme', 'Mélanie', '1988-09-18', 'melanie.delorme@gmail.com'),
	(19, 'Lemoine', 'Thomas', '1993-04-09', 'thomas.lemoine@gmail.com'),
	(20, 'Hamel', 'Amandine', '1995-10-17', 'amandine.hamel@gmail.com'),
	(21, 'Pires', 'José', '1987-06-14', 'jose.pires@gmail.com'),
	(22, 'Roy', 'Florence', '1991-05-05', 'florence.roy@gmail.com'),
	(23, 'Muller', 'Samuel', '1990-01-21', 'samuel.muller@gmail.com'),
	(24, 'Poulain', 'Cécile', '1994-12-07', 'cecile.poulain@gmail.com'),
	(25, 'Lemoine', 'Sophie', '1992-11-25', 'sophie.lemoine@gmail.com'),
	(26, 'Thomas', 'David', '1984-03-18', 'david.thomas@gmail.com'),
	(27, 'Boyer', 'Caroline', '1989-07-13', 'caroline.boyer@gmail.com'),
	(28, 'Hassani', 'Yasmine', '1996-04-29', 'yasmine.hassani@gmail.com'),
	(29, 'Michaud', 'Juliette', '1993-08-22', 'juliette.michaud@gmail.com'),
	(30, 'Pires', 'Ricardo', '1981-02-03', 'ricardo.pires@gmail.com'),
	(31, 'Fournier', 'Bernadette', '1987-11-11', 'bernadette.fournier@gmail.com'),
	(32, 'Dufresne', 'Nicolas', '1994-06-07', 'nicolas.dufresne@gmail.com'),
	(33, 'Berge', 'Damien', '1992-03-29', 'damien.berge@gmail.com'),
	(34, 'Collin', 'Lucie', '1985-05-16', 'lucie.collin@gmail.com'),
	(35, 'Benoit', 'Gérard', '1983-10-25', 'gerard.benoit@gmail.com'),
	(36, 'Lemoine', 'Charlotte', '1991-01-08', 'charlotte.lemoine@gmail.com'),
	(37, 'Joly', 'Valérie', '1989-03-17', 'valerie.joly@gmail.com'),
	(38, 'Rousseau', 'Michel', '1987-02-13', 'michel.rousseau@gmail.com'),
	(39, 'Leclerc', 'Bernard', '1986-12-30', 'bernard.leclerc@gmail.com'),
	(40, 'Lemoine', 'Lucie', '1985-06-10', 'lucie.lemoine@gmail.com'),
	(41, 'Lecomte', 'Damien', '1993-11-01', 'damien.lecomte@gmail.com'),
	(42, 'Benoit', 'Amandine', '1992-07-04', 'amandine.benoit@gmail.com'),
	(43, 'Lemoine', 'Hélène', '1994-12-02', 'helene.lemoine@gmail.com'),
	(44, 'Giraud', 'Fabrice', '1988-10-19', 'fabrice.giraud@gmail.com'),
	(45, 'Vallee', 'Julien', '1990-03-25', 'julien.vallee@gmail.com'),
	(46, 'Rousseau', 'Isabelle', '1991-12-15', 'isabelle.rousseau@gmail.com'),
	(47, 'Lemoine', 'Vincent', '1987-09-21', 'vincent.lemoine@gmail.com'),
	(48, 'Girard', 'Sophie', '1992-01-29', 'sophie.girard@gmail.com'),
	(49, 'Dufresne', 'Marc', '1990-02-02', 'marc.dufresne@gmail.com'),
	(50, 'Benoit', 'Marie', '1984-10-04', 'marie.benoit@gmail.com'),
	(51, 'Giraud', 'Alice', '1994-05-16', 'alice.giraud@gmail.com'),
	(52, 'Lemoine', 'Nathalie', '1991-04-12', 'nathalie.lemoine@gmail.com'),
	(53, 'Michaud', 'Maxime', '1993-09-27', 'maxime.michaud@gmail.com'),
	(54, 'Chauvin', 'Victor', '1987-01-30', 'victor.chauvin@gmail.com'),
	(55, 'Roux', 'Brigitte', '1989-07-03', 'brigitte.roux@gmail.com'),
	(56, 'Faure', 'Claire', '1992-08-01', 'claire.faure@gmail.com'),
	(57, 'Giraud', 'Bastien', '1988-05-02', 'bastien.giraud@gmail.com'),
	(58, 'Thomas', 'Hugo', '1995-11-28', 'hugo.thomas@gmail.com'),
	(59, 'Boyer', 'Léa', '1993-12-06', 'lea.boyer@gmail.com'),
	(60, 'Delacroix', 'Amélie', '1994-06-20', 'amelie.delacroix@gmail.com'),
	(61, 'Pires', 'Luc', '1992-04-22', 'luc.pires@gmail.com'),
	(62, 'Muller', 'Sylvie', '1991-02-14', 'sylvie.muller@gmail.com'),
	(63, 'Leclerc', 'Yves', '1986-08-28', 'yves.leclerc@gmail.com'),
	(64, 'Dupuis', 'Benoît', '1994-01-09', 'benoit.dupuis@gmail.com'),
	(65, 'Blanc', 'Julien', '1987-10-15', 'julien.blanc@gmail.com'),
	(66, 'Chauvin', 'Céline', '1985-07-17', 'celine.chauvin@gmail.com'),
	(67, 'Girard', 'Claire', '1991-09-04', 'claire.girard@gmail.com'),
	(68, 'Fournier', 'Antoine', '1984-03-08', 'antoine.fournier@gmail.com'),
	(69, 'Roux', 'Florence', '1989-01-20', 'florence.roux@gmail.com'),
	(70, 'Petit', 'Julien', '1990-02-10', 'julien.petit@gmail.com'),
	(71, 'Leclerc', 'Mélanie', '1985-05-06', 'melanie.leclerc@gmail.com'),
	(72, 'Girard', 'Bernard', '1993-11-10', 'bernard.girard@gmail.com'),
	(73, 'Gomez', 'Thérèse', '1988-04-12', 'therese.gomez@gmail.com'),
	(74, 'Lemoine', 'Loïc', '1992-10-19', 'loic.lemoine@gmail.com'),
	(75, 'Rousseau', 'Dominique', '1995-08-24', 'dominique.rousseau@gmail.com'),
	(76, 'Vidal', 'Anne', '1986-06-21', 'anne.vidal@gmail.com'),
	(77, 'Roux', 'Michel', '1983-05-23', 'michel.roux@gmail.com'),
	(78, 'Leclerc', 'Hélène', '1994-11-13', 'helene.leclerc@gmail.com'),
	(79, 'Dufresne', 'Emma', '1990-09-14', 'emma.dufresne@gmail.com'),
	(80, 'Girard', 'Julie', '1987-01-19', 'julie.girard@gmail.com'),
	(81, 'Faure', 'Catherine', '1986-12-05', 'catherine.faure@gmail.com'),
	(82, 'Rousseau', 'Pierre', '1994-04-23', 'pierre.rousseau@gmail.com'),
	(83, 'Michaud', 'Christophe', '1991-11-09', 'christophe.michaud@gmail.com'),
	(84, 'Benoit', 'Jean', '1985-10-17', 'jean.benoit@gmail.com'),
	(85, 'Dufresne', 'Pierre', '1995-07-12', 'pierre.dufresne@gmail.com'),
	(86, 'Boyer', 'François', '1993-09-01', 'francois.boyer@gmail.com'),
	(87, 'Giraud', 'Sophie', '1994-08-15', 'sophie.giraud@gmail.com'),
	(88, 'Leclerc', 'Nadine', '1992-11-02', 'nadine.leclerc@gmail.com'),
	(89, 'Vallee', 'Antoine', '1984-01-07', 'antoine.vallee@gmail.com'),
	(90, 'Roux', 'Patrick', '1989-06-18', 'patrick.roux@gmail.com'),
	(91, 'Girard', 'Léo', '1991-02-11', 'leo.girard@gmail.com'),
	(92, 'Muller', 'Françoise', '1988-10-08', 'francoise.muller@gmail.com'),
	(93, 'Pires', 'Christine', '1994-02-16', 'christine.pires@gmail.com'),
	(94, 'Thomas', 'Patrick', '1986-07-25', 'patrick.thomas@gmail.com'),
	(95, 'Gomez', 'Sébastien', '1989-09-06', 'sebastien.gomez@gmail.com'),
	(96, 'Lemoine', 'Marc', '1992-03-15', 'marc.lemoine@gmail.com'),
	(97, 'Girard', 'Isabelle', '1994-01-01', 'isabelle.girard@gmail.com'),
	(98, 'Boyer', 'Jean-Pierre', '1985-04-29', 'jean-pierre.boyer@gmail.com'),
	(99, 'Dufresne', 'Nathalie', '1995-10-02', 'nathalie.dufresne@gmail.com'),
	(100, 'Roux', 'Claude', '1988-12-22', 'claude.roux@gmail.com');

INSERT INTO activite(
	id_activite, description)
	VALUES
	(1, 'Randonnée en montagne'),
	(2, 'Visite guidée du musée local'),
	(3, 'Excursion en bateau sur le lac'),
	(4, 'Cours de cuisine traditionnelle'),
	(5, 'Atelier peinture'),
	(6, 'Plongée sous-marine dans la mer'),
	(7, 'Atelier poterie'),
	(8, 'Visite des sites historiques de la ville'),
	(9, 'Vélo en montagne sur des sentiers difficiles'),
	(10, 'Observation des étoiles en soirée');

INSERT INTO organisation(
	id_organisation, id_activite, date_organisation, id_complexe)
	VALUES
	(1, 1, '2025-03-10', 1),
	(2, 10, '2025-03-15', 2),
	(3, 3, '2025-04-01', 1),
	(4, 1, '2025-04-05', 2),
	(5, 9, '2025-05-02', 1),
	(6, 5, '2025-02-20', 2),
	(7, 2, '2025-03-25', 1),
	(8, 8, '2025-04-12', 2),
	(9, 5, '2025-03-28', 1),
	(10, 1, '2025-04-10', 2),
	(11, 4, '2025-05-15', 1),
	(12, 3, '2025-03-05', 2),
	(13, 6, '2025-04-17', 1),
	(14, 7, '2025-04-22', 2),
	(15, 6, '2025-05-10', 1);

INSERT INTO reservation(
	id_reservation, id_logement, id_personne, date_debut, date_fin)
VALUES
	(1, 2, 3, '2025-02-10', '2025-02-20'),
	(2, 5, 7, '2025-03-01', '2025-03-05'),
	(3, 10, 12, '2025-04-05', '2025-04-10'),
	(4, 8, 15, '2025-02-12', '2025-02-18'),
	(5, 13, 20, '2025-03-15', '2025-03-22'),
	(6, 20, 25, '2025-05-01', '2025-05-07'),
	(7, 18, 30, '2025-02-20', '2025-02-25'),
	(8, 7, 35, '2025-03-05', '2025-03-12'),
	(9, 4, 40, '2025-03-10', '2025-03-15'),
	(10, 15, 45, '2025-04-01', '2025-04-07'),
	(11, 3, 50, '2025-03-20', '2025-03-23'),
	(12, 17, 55, '2025-02-18', '2025-02-22'),
	(13, 19, 60, '2025-04-10', '2025-04-15'),
	(14, 9, 65, '2025-04-03', '2025-04-08'),
	(15, 12, 70, '2025-02-05', '2025-02-12'),
	(16, 1, 75, '2025-03-12', '2025-03-17'),
	(17, 16, 80, '2025-03-28', '2025-04-04'),
	(18, 11, 85, '2025-02-28', '2025-03-05'),
	(19, 6, 90, '2025-04-07', '2025-04-13'),
	(20, 21, 95, '2025-02-14', '2025-02-20'),
	(21, 14, 100, '2025-03-22', '2025-03-28'),
	(22, 25, 2, '2025-04-10', '2025-04-15'),
	(23, 3, 6, '2025-02-25', '2025-03-02'),
	(24, 10, 13, '2025-05-01', '2025-05-05'),
	(25, 22, 7, '2025-02-11', '2025-02-18'),
	(26, 4, 11, '2025-03-14', '2025-03-21'),
	(27, 27, 18, '2025-03-30', '2025-04-03'),
	(28, 29, 22, '2025-02-13', '2025-02-20'),
	(29, 12, 3, '2025-04-20', '2025-04-25'),
	(30, 24, 16, '2025-02-08', '2025-02-14'),
	(31, 8, 23, '2025-03-04', '2025-03-08'),
	(32, 9, 27, '2025-04-15', '2025-04-22'),
	(33, 14, 30, '2025-02-18', '2025-02-24'),
	(34, 19, 33, '2025-03-25', '2025-04-01'),
	(35, 30, 38, '2025-05-05', '2025-05-12'),
	(36, 5, 40, '2025-02-22', '2025-02-26'),
	(37, 28, 44, '2025-04-12', '2025-04-19'),
	(38, 1, 47, '2025-02-05', '2025-02-12'),
	(39, 26, 51, '2025-03-07', '2025-03-12'),
	(40, 13, 54, '2025-02-18', '2025-02-25'),
	(41, 2, 59, '2025-03-10', '2025-03-17'),
	(42, 11, 61, '2025-04-02', '2025-04-09'),
	(43, 6, 63, '2025-03-30', '2025-04-04'),
	(44, 16, 68, '2025-05-01', '2025-05-06'),
	(45, 23, 72, '2025-04-15', '2025-04-21'),
	(46, 18, 76, '2025-03-17', '2025-03-23'),
	(47, 30, 80, '2025-04-10', '2025-04-15'),
	(48, 25, 82, '2025-02-12', '2025-02-17'),
	(49, 21, 85, '2025-03-21', '2025-03-27'),
	(50, 7, 88, '2025-02-18', '2025-02-22'),
	(51, 3, 92, '2025-04-10', '2025-04-16'),
	(52, 19, 96, '2025-05-01', '2025-05-07'),
	(53, 27, 98, '2025-03-22', '2025-03-27'),
	(54, 24, 5, '2025-02-03', '2025-02-10'),
	(55, 12, 8, '2025-04-05', '2025-04-12'),
	(56, 15, 10, '2025-03-14', '2025-03-21'),
	(57, 22, 13, '2025-04-02', '2025-04-08'),
	(58, 5, 17, '2025-03-20', '2025-03-25'),
	(59, 9, 21, '2025-02-25', '2025-03-02'),
	(60, 16, 26, '2025-04-08', '2025-04-13'),
	(61, 14, 29, '2025-03-02', '2025-03-08'),
	(62, 11, 32, '2025-05-05', '2025-05-11'),
	(63, 8, 35, '2025-02-06', '2025-02-10'),
	(64, 17, 38, '2025-04-20', '2025-04-24'),
	(65, 26, 42, '2025-03-10', '2025-03-16'),
	(66, 6, 46, '2025-05-07', '2025-05-12'),
	(67, 23, 50, '2025-02-28', '2025-03-06'),
	(68, 7, 53, '2025-04-12', '2025-04-17'),
	(69, 10, 56, '2025-03-08', '2025-03-13'),
	(70, 29, 60, '2025-02-15', '2025-02-20'),
	(71, 1, 64, '2025-03-25', '2025-03-31'),
	(72, 28, 67, '2025-02-02', '2025-02-08'),
	(73, 21, 70, '2025-03-18', '2025-03-23'),
	(74, 12, 73, '2025-04-08', '2025-04-13'),
	(75, 5, 75, '2025-03-26', '2025-03-30'),
	(76, 24, 78, '2025-02-01', '2025-02-06'),
	(77, 17, 80, '2025-04-15', '2025-04-20'),
	(78, 22, 82, '2025-03-05', '2025-03-12'),
	(79, 13, 85, '2025-04-25', '2025-05-02'),
	(80, 14, 88, '2025-02-15', '2025-02-22');

	
INSERT INTO participation(
	id_personne, id_organisation)
	VALUES
	(3, 2),
	(17, 5),
	(28, 1),
	(2, 3),
	(54, 2),
	(73, 8),
	(42, 9),
	(12, 4),
	(65, 6),
	(9, 7),
	(33, 2),
	(45, 3),
	(91, 10),
	(88, 5),
	(36, 4),
	(72, 8),
	(51, 6),
	(81, 1),
	(64, 3),
	(57, 7),
	(15, 9),
	(22, 10),
	(97, 1),
	(49, 8),
	(59, 6),
	(31, 4),
	(6, 2),
	(74, 5),
	(86, 10),
	(40, 3),
	(71, 7),
	(70, 9),
	(80, 1),
	(30, 8),
	(25, 6),
	(47, 4),
	(66, 2),
	(53, 5),
	(34, 10),
	(41, 3),
	(79, 7),
	(11, 9),
	(19, 1),
	(27, 8),
	(5, 6),
	(50, 4),
	(18, 10),
	(39, 3);

INSERT INTO equipement(
	id_equipement, id_logement, description)
	VALUES
	(1, 1, 'Réfrigérateur'),
	(2, 1, 'Plaque de cuisson'),
	(3, 1, 'Four'),
	(4, 1, 'Micro-ondes'),
	(5, 1, 'Évier'),
	(6, 1, 'Rangements'),
	(7, 1, 'Vaisselle'),
	(8, 1, '2 chaises'),
	(9, 1, 'Table'),
	(10, 1, 'Télévision'),
	(11, 1, 'Livebox'),
	(12, 1, 'Lampes'),
	(13, 1, 'Lit'),
	(14, 1, 'Douche'),
	(15, 1, 'Toilettes'),
	(16, 1, 'Miroir'),
	(17, 1, 'Poubelle'),
	(18, 1, 'Détecteur de fumée'),
	(19, 1, 'Radiateur'),
	(20, 1, 'Isolation'),
	(21, 1, 'Aspirateur'),
	(22, 2, 'Réfrigérateur'),
	(23, 2, 'Plaque de cuisson'),
	(24, 2, 'Four'),
	(25, 2, 'Micro-ondes'),
	(26, 2, 'Évier'),
	(27, 2, 'Rangements'),
	(28, 2, 'Vaisselle'),
	(29, 2, '2 chaises'),
	(30, 2, 'Table'),
	(31, 2, 'Télévision'),
	(32, 2, 'Livebox'),
	(33, 2, 'Lampes'),
	(34, 2, 'Lit'),
	(35, 2, 'Douche'),
	(36, 2, 'Toilettes'),
	(37, 2, 'Miroir'),
	(38, 2, 'Poubelle'),
	(39, 2, 'Détecteur de fumée'),
	(40, 2, 'Radiateur'),
	(41, 2, 'Isolation'),
	(42, 2, 'Aspirateur'),
	(43, 3, 'Réfrigérateur'),
	(44, 3, 'Plaque de cuisson'),
	(45, 3, 'Four'),
	(46, 3, 'Micro-ondes'),
	(47, 3, 'Évier'),
	(48, 3, 'Rangements'),
	(49, 3, 'Vaisselle'),
	(50, 3, '2 chaises'),
	(51, 3, 'Table'),
	(52, 3, 'Télévision'),
	(53, 3, 'Livebox'),
	(54, 3, 'Lampes'),
	(55, 3, 'Lit'),
	(56, 3, 'Douche'),
	(57, 3, 'Toilettes'),
	(58, 3, 'Miroir'),
	(59, 3, 'Poubelle'),
	(60, 3, 'Détecteur de fumée'),
	(61, 3, 'Radiateur'),
	(62, 3, 'Isolation'),
	(63, 3, 'Aspirateur'),
	(64, 4, 'Réfrigérateur'),
	(65, 4, 'Plaque de cuisson'),
	(66, 4, 'Four'),
	(67, 4, 'Micro-ondes'),
	(68, 4, 'Évier'),
	(69, 4, 'Rangements'),
	(70, 4, 'Vaisselle'),
	(71, 4, '2 chaises'),
	(72, 4, 'Table'),
	(73, 4, 'Télévision'),
	(74, 4, 'Livebox'),
	(75, 4, 'Lampes'),
	(76, 4, 'Lit'),
	(77, 4, 'Douche'),
	(78, 4, 'Toilettes'),
	(79, 4, 'Miroir'),
	(80, 4, 'Poubelle'),
	(81, 4, 'Détecteur de fumée'),
	(82, 4, 'Radiateur'),
	(83, 4, 'Isolation'),
	(84, 4, 'Aspirateur'),
	(85, 5, 'Réfrigérateur'),
	(86, 5, 'Plaque de cuisson'),
	(87, 5, 'Four'),
	(88, 5, 'Micro-ondes'),
	(89, 5, 'Évier'),
	(90, 5, 'Rangements'),
	(91, 5, 'Vaisselle'),
	(92, 5, '2 chaises'),
	(93, 5, 'Table'),
	(94, 5, 'Télévision'),
	(95, 5, 'Livebox'),
	(96, 5, 'Lampes'),
	(97, 5, 'Lit'),
	(98, 5, 'Douche'),
	(99, 5, 'Toilettes'),
	(100, 5, 'Miroir'),
	(101, 5, 'Poubelle'),
	(102, 5, 'Détecteur de fumée'),
	(103, 5, 'Radiateur'),
	(104, 5, 'Isolation'),
	(105, 5, 'Aspirateur'),
	(106, 6, 'Réfrigérateur'),
	(107, 6, 'Plaque de cuisson'),
	(108, 6, 'Four'),
	(109, 6, 'Micro-ondes'),
	(110, 6, 'Évier'),
	(111, 6, 'Rangements'),
	(112, 6, 'Vaisselle'),
	(113, 6, '2 chaises'),
	(114, 6, 'Table'),
	(115, 6, 'Télévision'),
	(116, 6, 'Livebox'),
	(117, 6, 'Lampes'),
	(118, 6, 'Lit'),
	(119, 6, 'Douche'),
	(120, 6, 'Toilettes'),
	(121, 6, 'Miroir'),
	(122, 6, 'Poubelle'),
	(123, 6, 'Détecteur de fumée'),
	(124, 6, 'Radiateur'),
	(125, 6, 'Isolation'),
	(126, 6, 'Aspirateur'),
	(127, 7, 'Réfrigérateur'),
	(128, 7, 'Plaque de cuisson'),
	(129, 7, 'Four'),
	(130, 7, 'Micro-ondes'),
	(131, 7, 'Évier'),
	(132, 7, 'Rangements'),
	(133, 7, 'Vaisselle'),
	(134, 7, '2 chaises'),
	(135, 7, 'Table'),
	(136, 7, 'Télévision'),
	(137, 7, 'Livebox'),
	(138, 7, 'Lampes'),
	(139, 7, 'Lit'),
	(140, 7, 'Douche'),
	(141, 7, 'Toilettes'),
	(142, 7, 'Miroir'),
	(143, 7, 'Poubelle'),
	(144, 7, 'Détecteur de fumée'),
	(145, 7, 'Radiateur'),
	(146, 7, 'Isolation'),
	(147, 7, 'Aspirateur'),
	(148, 8, 'Réfrigérateur'),
	(149, 8, 'Plaque de cuisson'),
	(150, 8, 'Four'),
	(151, 8, 'Micro-ondes'),
	(152, 8, 'Évier'),
	(153, 8, 'Rangements'),
	(154, 8, 'Vaisselle'),
	(155, 8, '2 chaises'),
	(156, 8, 'Table'),
	(157, 8, 'Télévision'),
	(158, 8, 'Livebox'),
	(159, 8, 'Lampes'),
	(160, 8, 'Lit'),
	(161, 8, 'Douche'),
	(162, 8, 'Toilettes'),
	(163, 8, 'Miroir'),
	(164, 8, 'Poubelle'),
	(165, 8, 'Détecteur de fumée'),
	(166, 8, 'Radiateur'),
	(167, 8, 'Isolation'),
	(168, 8, 'Aspirateur'),
	(169, 9, 'Réfrigérateur'),
	(170, 9, 'Plaque de cuisson'),
	(171, 9, 'Four'),
	(172, 9, 'Micro-ondes'),
	(173, 9, 'Évier'),
	(174, 9, 'Rangements'),
	(175, 9, 'Vaisselle'),
	(176, 9, '2 chaises'),
	(177, 9, 'Table'),
	(178, 9, 'Télévision'),
	(179, 9, 'Livebox'),
	(180, 9, 'Lampes'),
	(181, 9, 'Lit'),
	(182, 9, 'Douche'),
	(183, 9, 'Toilettes'),
	(184, 9, 'Miroir'),
	(185, 9, 'Poubelle'),
	(186, 9, 'Détecteur de fumée'),
	(187, 9, 'Radiateur'),
	(188, 9, 'Isolation'),
	(189, 9, 'Aspirateur'),
	(190, 10, 'Réfrigérateur'),
	(191, 10, 'Plaque de cuisson'),
	(192, 10, 'Four'),
	(193, 10, 'Micro-ondes'),
	(194, 10, 'Évier'),
	(195, 10, 'Rangements'),
	(196, 10, 'Vaisselle'),
	(197, 10, '2 chaises'),
	(198, 10, 'Table'),
	(199, 10, 'Télévision'),
	(200, 10, 'Livebox'),
	(201, 10, 'Lampes'),
	(202, 10, 'Lit'),
	(203, 10, 'Douche'),
	(204, 10, 'Toilettes'),
	(205, 10, 'Miroir'),
	(206, 10, 'Poubelle'),
	(207, 10, 'Détecteur de fumée'),
	(208, 10, 'Radiateur'),
	(209, 10, 'Isolation'),
	(210, 10, 'Aspirateur'),
	(211, 11, 'Réfrigérateur'),
	(212, 11, 'Plaque de cuisson'),
	(213, 11, 'Four'),
	(214, 11, 'Micro-ondes'),
	(215, 11, 'Évier'),
	(216, 11, 'Rangements'),
	(217, 11, 'Vaisselle'),
	(218, 11, '2 chaises'),
	(219, 11, 'Table'),
	(220, 11, 'Télévision'),
	(221, 11, 'Livebox'),
	(222, 11, 'Lampes'),
	(223, 11, 'Lit'),
	(224, 11, 'Douche'),
	(225, 11, 'Toilettes'),
	(226, 11, 'Miroir'),
	(227, 11, 'Poubelle'),
	(228, 11, 'Détecteur de fumée'),
	(229, 11, 'Radiateur'),
	(230, 11, 'Isolation'),
	(231, 11, 'Aspirateur'),
	(232, 12, 'Réfrigérateur'),
	(233, 12, 'Plaque de cuisson'),
	(234, 12, 'Four'),
	(235, 12, 'Micro-ondes'),
	(236, 12, 'Évier'),
	(237, 12, 'Rangements'),
	(238, 12, 'Vaisselle'),
	(239, 12, '2 chaises'),
	(240, 12, 'Table'),
	(241, 12, 'Télévision'),
	(242, 12, 'Livebox'),
	(243, 12, 'Lampes'),
	(244, 12, 'Lit'),
	(245, 12, 'Douche'),
	(246, 12, 'Toilettes'),
	(247, 12, 'Miroir'),
	(248, 12, 'Poubelle'),
	(249, 12, 'Détecteur de fumée'),
	(250, 12, 'Radiateur'),
	(251, 12, 'Isolation'),
	(252, 12, 'Aspirateur'),
	(253, 13, 'Réfrigérateur'),
	(254, 13, 'Plaque de cuisson'),
	(255, 13, 'Four'),
	(256, 13, 'Micro-ondes'),
	(257, 13, 'Évier'),
	(258, 13, 'Rangements'),
	(259, 13, 'Vaisselle'),
	(260, 13, '2 chaises'),
	(261, 13, 'Table'),
	(262, 13, 'Télévision'),
	(263, 13, 'Livebox'),
	(264, 13, 'Lampes'),
	(265, 13, 'Lit'),
	(266, 13, 'Douche'),
	(267, 13, 'Toilettes'),
	(268, 13, 'Miroir'),
	(269, 13, 'Poubelle'),
	(270, 13, 'Détecteur de fumée'),
	(271, 13, 'Radiateur'),
	(272, 13, 'Isolation'),
	(273, 13, 'Aspirateur'),
	(274, 14, 'Réfrigérateur'),
	(275, 14, 'Plaque de cuisson'),
	(276, 14, 'Four'),
	(277, 14, 'Micro-ondes'),
	(278, 14, 'Évier'),
	(279, 14, 'Rangements'),
	(280, 14, 'Vaisselle'),
	(281, 14, '2 chaises'),
	(282, 14, 'Table'),
	(283, 14, 'Télévision'),
	(284, 14, 'Livebox'),
	(285, 14, 'Lampes'),
	(286, 14, 'Lit'),
	(287, 14, 'Douche'),
	(288, 14, 'Toilettes'),
	(289, 14, 'Miroir'),
	(290, 14, 'Poubelle'),
	(291, 14, 'Détecteur de fumée'),
	(292, 14, 'Radiateur'),
	(293, 14, 'Isolation'),
	(294, 14, 'Aspirateur'),
	(295, 15, 'Réfrigérateur'),
	(296, 15, 'Plaque de cuisson'),
	(297, 15, 'Four'),
	(298, 15, 'Micro-ondes'),
	(299, 15, 'Évier'),
	(300, 15, 'Rangements'),
	(301, 15, 'Vaisselle'),
	(302, 15, '2 chaises'),
	(303, 15, 'Table'),
	(304, 15, 'Télévision'),
	(305, 15, 'Livebox'),
	(306, 15, 'Lampes'),
	(307, 15, 'Lit'),
	(308, 15, 'Douche'),
	(309, 15, 'Toilettes'),
	(310, 15, 'Miroir'),
	(311, 15, 'Poubelle'),
	(312, 15, 'Détecteur de fumée'),
	(313, 15, 'Radiateur'),
	(314, 15, 'Isolation'),
	(315, 15, 'Aspirateur'),
	(316, 16, 'Réfrigérateur'),
	(317, 16, 'Plaque de cuisson'),
	(318, 16, 'Four'),
	(319, 16, 'Micro-ondes'),
	(320, 16, 'Évier'),
	(321, 16, 'Rangements'),
	(322, 16, 'Vaisselle'),
	(323, 16, '2 chaises'),
	(324, 16, 'Table'),
	(325, 16, 'Télévision'),
	(326, 16, 'Livebox'),
	(327, 16, 'Lampes'),
	(328, 16, 'Lit'),
	(329, 16, 'Douche'),
	(330, 16, 'Toilettes'),
	(331, 16, 'Miroir'),
	(332, 16, 'Poubelle'),
	(333, 16, 'Détecteur de fumée'),
	(334, 16, 'Radiateur'),
	(335, 16, 'Isolation'),
	(336, 16, 'Aspirateur'),
	(337, 17, 'Réfrigérateur'),
	(338, 17, 'Plaque de cuisson'),
	(339, 17, 'Four'),
	(340, 17, 'Micro-ondes'),
	(341, 17, 'Évier'),
	(342, 17, 'Rangements'),
	(343, 17, 'Vaisselle'),
	(344, 17, '2 chaises'),
	(345, 17, 'Table'),
	(346, 17, 'Télévision'),
	(347, 17, 'Livebox'),
	(348, 17, 'Lampes'),
	(349, 17, 'Lit'),
	(350, 17, 'Douche'),
	(351, 17, 'Toilettes'),
	(352, 17, 'Miroir'),
	(353, 17, 'Poubelle'),
	(354, 17, 'Détecteur de fumée'),
	(355, 17, 'Radiateur'),
	(356, 17, 'Isolation'),
	(357, 17, 'Aspirateur'),
	(358, 18, 'Réfrigérateur'),
	(359, 18, 'Plaque de cuisson'),
	(360, 18, 'Four'),
	(361, 18, 'Micro-ondes'),
	(362, 18, 'Évier'),
	(363, 18, 'Rangements'),
	(364, 18, 'Vaisselle'),
	(365, 18, '2 chaises'),
	(366, 18, 'Table'),
	(367, 18, 'Télévision'),
	(368, 18, 'Livebox'),
	(369, 18, 'Lampes'),
	(370, 18, 'Lit'),
	(371, 18, 'Douche'),
	(372, 18, 'Toilettes'),
	(373, 18, 'Miroir'),
	(374, 18, 'Poubelle'),
	(375, 18, 'Détecteur de fumée'),
	(376, 18, 'Radiateur'),
	(377, 18, 'Isolation'),
	(378, 18, 'Aspirateur'),
	(379, 19, 'Réfrigérateur'),
	(380, 19, 'Plaque de cuisson'),
	(381, 19, 'Four'),
	(382, 19, 'Micro-ondes'),
	(383, 19, 'Évier'),
	(384, 19, 'Rangements'),
	(385, 19, 'Vaisselle'),
	(386, 19, '2 chaises'),
	(387, 19, 'Table'),
	(388, 19, 'Télévision'),
	(389, 19, 'Livebox'),
	(390, 19, 'Lampes'),
	(391, 19, 'Lit'),
	(392, 19, 'Douche'),
	(393, 19, 'Toilettes'),
	(394, 19, 'Miroir'),
	(395, 19, 'Poubelle'),
	(396, 19, 'Détecteur de fumée'),
	(397, 19, 'Radiateur'),
	(398, 19, 'Isolation'),
	(399, 19, 'Aspirateur'),
	(400, 20, 'Réfrigérateur'),
	(401, 20, 'Plaque de cuisson'),
	(402, 20, 'Four'),
	(403, 20, 'Micro-ondes'),
	(404, 20, 'Évier'),
	(405, 20, 'Rangements'),
	(406, 20, 'Vaisselle'),
	(407, 20, '2 chaises'),
	(408, 20, 'Table'),
	(409, 20, 'Télévision'),
	(410, 20, 'Livebox'),
	(411, 20, 'Lampes'),
	(412, 20, 'Lit'),
	(413, 20, 'Douche'),
	(414, 20, 'Toilettes'),
	(415, 20, 'Miroir'),
	(416, 20, 'Poubelle'),
	(417, 20, 'Détecteur de fumée'),
	(418, 20, 'Radiateur'),
	(419, 20, 'Isolation'),
	(420, 20, 'Aspirateur'),
	(421, 21, 'Réfrigérateur'),
	(422, 21, 'Plaque de cuisson'),
	(423, 21, 'Four'),
	(424, 21, 'Micro-ondes'),
	(425, 21, 'Évier'),
	(426, 21, 'Rangements'),
	(427, 21, 'Vaisselle'),
	(428, 21, '2 chaises'),
	(429, 21, 'Table'),
	(430, 21, 'Télévision'),
	(431, 21, 'Livebox'),
	(432, 21, 'Lampes'),
	(433, 21, 'Lit'),
	(434, 21, 'Douche'),
	(435, 21, 'Toilettes'),
	(436, 21, 'Miroir'),
	(437, 21, 'Poubelle'),
	(438, 21, 'Détecteur de fumée'),
	(439, 21, 'Radiateur'),
	(440, 21, 'Isolation'),
	(441, 21, 'Aspirateur'),
	(442, 22, 'Réfrigérateur'),
	(443, 22, 'Plaque de cuisson'),
	(444, 22, 'Four'),
	(445, 22, 'Micro-ondes'),
	(446, 22, 'Évier'),
	(447, 22, 'Rangements'),
	(448, 22, 'Vaisselle'),
	(449, 22, '2 chaises'),
	(450, 22, 'Table'),
	(451, 22, 'Télévision'),
	(452, 22, 'Livebox'),
	(453, 22, 'Lampes'),
	(454, 22, 'Lit'),
	(455, 22, 'Douche'),
	(456, 22, 'Toilettes'),
	(457, 22, 'Miroir'),
	(458, 22, 'Poubelle'),
	(459, 22, 'Détecteur de fumée'),
	(460, 22, 'Radiateur'),
	(461, 22, 'Isolation'),
	(462, 22, 'Aspirateur'),
	(463, 23, 'Réfrigérateur'),
	(464, 23, 'Plaque de cuisson'),
	(465, 23, 'Four'),
	(466, 23, 'Micro-ondes'),
	(467, 23, 'Évier'),
	(468, 23, 'Rangements'),
	(469, 23, 'Vaisselle'),
	(470, 23, '2 chaises'),
	(471, 23, 'Table'),
	(472, 23, 'Télévision'),
	(473, 23, 'Livebox'),
	(474, 23, 'Lampes'),
	(475, 23, 'Lit'),
	(476, 23, 'Douche'),
	(477, 23, 'Toilettes'),
	(478, 23, 'Miroir'),
	(479, 23, 'Poubelle'),
	(480, 23, 'Détecteur de fumée'),
	(481, 23, 'Radiateur'),
	(482, 23, 'Isolation'),
	(483, 23, 'Aspirateur'),
	(484, 24, 'Réfrigérateur'),
	(485, 24, 'Plaque de cuisson'),
	(486, 24, 'Four'),
	(487, 24, 'Micro-ondes'),
	(488, 24, 'Évier'),
	(489, 24, 'Rangements'),
	(490, 24, 'Vaisselle'),
	(491, 24, '2 chaises'),
	(492, 24, 'Table'),
	(493, 24, 'Télévision'),
	(494, 24, 'Livebox'),
	(495, 24, 'Lampes'),
	(496, 24, 'Lit'),
	(497, 24, 'Douche'),
	(498, 24, 'Toilettes'),
	(499, 24, 'Miroir'),
	(500, 24, 'Poubelle'),
	(501, 24, 'Détecteur de fumée'),
	(502, 24, 'Radiateur'),
	(503, 24, 'Isolation'),
	(504, 24, 'Aspirateur'),
	(505, 25, 'Réfrigérateur'),
	(506, 25, 'Plaque de cuisson'),
	(507, 25, 'Four'),
	(508, 25, 'Micro-ondes'),
	(509, 25, 'Évier'),
	(510, 25, 'Rangements'),
	(511, 25, 'Vaisselle'),
	(512, 25, '2 chaises'),
	(513, 25, 'Table'),
	(514, 25, 'Télévision'),
	(515, 25, 'Livebox'),
	(516, 25, 'Lampes'),
	(517, 25, 'Lit'),
	(518, 25, 'Douche'),
	(519, 25, 'Toilettes'),
	(520, 25, 'Miroir'),
	(521, 25, 'Poubelle'),
	(522, 25, 'Détecteur de fumée'),
	(523, 25, 'Radiateur'),
	(524, 25, 'Isolation'),
	(525, 25, 'Aspirateur'),
	(526, 26, 'Réfrigérateur'),
	(527, 26, 'Plaque de cuisson'),
	(528, 26, 'Four'),
	(529, 26, 'Micro-ondes'),
	(530, 26, 'Évier'),
	(531, 26, 'Rangements'),
	(532, 26, 'Vaisselle'),
	(533, 26, '2 chaises'),
	(534, 26, 'Table'),
	(535, 26, 'Télévision'),
	(536, 26, 'Livebox'),
	(537, 26, 'Lampes'),
	(538, 26, 'Lit'),
	(539, 26, 'Douche'),
	(540, 26, 'Toilettes'),
	(541, 26, 'Miroir'),
	(542, 26, 'Poubelle'),
	(543, 26, 'Détecteur de fumée'),
	(544, 26, 'Radiateur'),
	(545, 26, 'Isolation'),
	(546, 26, 'Aspirateur'),
	(547, 27, 'Réfrigérateur'),
	(548, 27, 'Plaque de cuisson'),
	(549, 27, 'Four'),
	(550, 27, 'Micro-ondes'),
	(551, 27, 'Évier'),
	(552, 27, 'Rangements'),
	(553, 27, 'Vaisselle'),
	(554, 27, '2 chaises'),
	(555, 27, 'Table'),
	(556, 27, 'Télévision'),
	(557, 27, 'Livebox'),
	(558, 27, 'Lampes'),
	(559, 27, 'Lit'),
	(560, 27, 'Douche'),
	(561, 27, 'Toilettes'),
	(562, 27, 'Miroir'),
	(563, 27, 'Poubelle'),
	(564, 27, 'Détecteur de fumée'),
	(565, 27, 'Radiateur'),
	(566, 27, 'Isolation'),
	(567, 27, 'Aspirateur'),
	(568, 28, 'Réfrigérateur'),
	(569, 28, 'Plaque de cuisson'),
	(570, 28, 'Four'),
	(571, 28, 'Micro-ondes'),
	(572, 28, 'Évier'),
	(573, 28, 'Rangements'),
	(574, 28, 'Vaisselle'),
	(575, 28, '2 chaises'),
	(576, 28, 'Table'),
	(577, 28, 'Télévision'),
	(578, 28, 'Livebox'),
	(579, 28, 'Lampes'),
	(580, 28, 'Lit'),
	(581, 28, 'Douche'),
	(582, 28, 'Toilettes'),
	(583, 28, 'Miroir'),
	(584, 28, 'Poubelle'),
	(585, 28, 'Détecteur de fumée'),
	(586, 28, 'Radiateur'),
	(587, 28, 'Isolation'),
	(588, 28, 'Aspirateur'),
	(589, 29, 'Réfrigérateur'),
	(590, 29, 'Plaque de cuisson'),
	(591, 29, 'Four'),
	(592, 29, 'Micro-ondes'),
	(593, 29, 'Évier'),
	(594, 29, 'Rangements'),
	(595, 29, 'Vaisselle'),
	(596, 29, '2 chaises'),
	(597, 29, 'Table'),
	(598, 29, 'Télévision'),
	(599, 29, 'Livebox'),
	(600, 29, 'Lampes'),
	(601, 29, 'Lit'),
	(602, 29, 'Douche'),
	(603, 29, 'Toilettes'),
	(604, 29, 'Miroir'),
	(605, 29, 'Poubelle'),
	(606, 29, 'Détecteur de fumée'),
	(607, 29, 'Radiateur'),
	(608, 29, 'Isolation'),
	(609, 29, 'Aspirateur'),
	(610, 30, 'Réfrigérateur'),
	(611, 30, 'Plaque de cuisson'),
	(612, 30, 'Four'),
	(613, 30, 'Micro-ondes'),
	(614, 30, 'Évier'),
	(615, 30, 'Rangements'),
	(616, 30, 'Vaisselle'),
	(617, 30, '2 chaises'),
	(618, 30, 'Table'),
	(619, 30, 'Télévision'),
	(620, 30, 'Livebox'),
	(621, 30, 'Lampes'),
	(622, 30, 'Lit'),
	(623, 30, 'Douche'),
	(624, 30, 'Toilettes'),
	(625, 30, 'Miroir'),
	(626, 30, 'Poubelle'),
	(627, 30, 'Détecteur de fumée'),
	(628, 30, 'Radiateur'),
	(629, 30, 'Isolation'),
	(630, 30, 'Aspirateur'),
	(631, 31, 'Réfrigérateur'),
	(632, 31, 'Plaque de cuisson'),
	(633, 31, 'Four'),
	(634, 31, 'Micro-ondes'),
	(635, 31, 'Évier'),
	(636, 31, 'Rangements'),
	(637, 31, 'Vaisselle'),
	(638, 31, '2 chaises'),
	(639, 31, 'Table'),
	(640, 31, 'Télévision'),
	(641, 31, 'Livebox'),
	(642, 31, 'Lampes'),
	(643, 31, 'Lit'),
	(644, 31, 'Douche'),
	(645, 31, 'Toilettes'),
	(646, 31, 'Miroir'),
	(647, 31, 'Poubelle'),
	(648, 31, 'Détecteur de fumée'),
	(649, 31, 'Radiateur'),
	(650, 31, 'Isolation'),
	(651, 31, 'Aspirateur'),
	(652, 32, 'Réfrigérateur'),
	(653, 32, 'Plaque de cuisson'),
	(654, 32, 'Four'),
	(655, 32, 'Micro-ondes'),
	(656, 32, 'Évier'),
	(657, 32, 'Rangements'),
	(658, 32, 'Vaisselle'),
	(659, 32, '2 chaises'),
	(660, 32, 'Table'),
	(661, 32, 'Télévision'),
	(662, 32, 'Livebox'),
	(663, 32, 'Lampes'),
	(664, 32, 'Lit'),
	(665, 32, 'Douche'),
	(666, 32, 'Toilettes'),
	(667, 32, 'Miroir'),
	(668, 32, 'Poubelle'),
	(669, 32, 'Détecteur de fumée'),
	(670, 32, 'Radiateur'),
	(671, 32, 'Isolation'),
	(672, 32, 'Aspirateur'),
	(673, 33, 'Réfrigérateur'),
	(674, 33, 'Plaque de cuisson'),
	(675, 33, 'Four'),
	(676, 33, 'Micro-ondes'),
	(677, 33, 'Évier'),
	(678, 33, 'Rangements'),
	(679, 33, 'Vaisselle'),
	(680, 33, '2 chaises'),
	(681, 33, 'Table'),
	(682, 33, 'Télévision'),
	(683, 33, 'Livebox'),
	(684, 33, 'Lampes'),
	(685, 33, 'Lit'),
	(686, 33, 'Douche'),
	(687, 33, 'Toilettes'),
	(688, 33, 'Miroir'),
	(689, 33, 'Poubelle'),
	(690, 33, 'Détecteur de fumée'),
	(691, 33, 'Radiateur'),
	(692, 33, 'Isolation'),
	(693, 33, 'Aspirateur'),
	(694, 34, 'Réfrigérateur'),
	(695, 34, 'Plaque de cuisson'),
	(696, 34, 'Four'),
	(697, 34, 'Micro-ondes'),
	(698, 34, 'Évier'),
	(699, 34, 'Rangements'),
	(700, 34, 'Vaisselle'),
	(701, 34, '2 chaises'),
	(702, 34, 'Table'),
	(703, 34, 'Télévision'),
	(704, 34, 'Livebox'),
	(705, 34, 'Lampes'),
	(706, 34, 'Lit'),
	(707, 34, 'Douche'),
	(708, 34, 'Toilettes'),
	(709, 34, 'Miroir'),
	(710, 34, 'Poubelle'),
	(711, 34, 'Détecteur de fumée'),
	(712, 34, 'Radiateur'),
	(713, 34, 'Isolation'),
	(714, 34, 'Aspirateur'),
	(715, 35, 'Réfrigérateur'),
	(716, 35, 'Plaque de cuisson'),
	(717, 35, 'Four'),
	(718, 35, 'Micro-ondes'),
	(719, 35, 'Évier'),
	(720, 35, 'Rangements'),
	(721, 35, 'Vaisselle'),
	(722, 35, '2 chaises'),
	(723, 35, 'Table'),
	(724, 35, 'Télévision'),
	(725, 35, 'Livebox'),
	(726, 35, 'Lampes'),
	(727, 35, 'Lit'),
	(728, 35, 'Douche'),
	(729, 35, 'Toilettes'),
	(730, 35, 'Miroir'),
	(731, 35, 'Poubelle'),
	(732, 35, 'Détecteur de fumée'),
	(733, 35, 'Radiateur'),
	(734, 35, 'Isolation'),
	(735, 35, 'Aspirateur'),
	(736, 36, 'Réfrigérateur'),
	(737, 36, 'Plaque de cuisson'),
	(738, 36, 'Four'),
	(739, 36, 'Micro-ondes'),
	(740, 36, 'Évier'),
	(741, 36, 'Rangements'),
	(742, 36, 'Vaisselle'),
	(743, 36, '2 chaises'),
	(744, 36, 'Table'),
	(745, 36, 'Télévision'),
	(746, 36, 'Livebox'),
	(747, 36, 'Lampes'),
	(748, 36, 'Lit'),
	(749, 36, 'Douche'),
	(750, 36, 'Toilettes'),
	(751, 36, 'Miroir'),
	(752, 36, 'Poubelle'),
	(753, 36, 'Détecteur de fumée'),
	(754, 36, 'Radiateur'),
	(755, 36, 'Isolation'),
	(756, 36, 'Aspirateur'),
	(757, 37, 'Réfrigérateur'),
	(758, 37, 'Plaque de cuisson'),
	(759, 37, 'Four'),
	(760, 37, 'Micro-ondes'),
	(761, 37, 'Évier'),
	(762, 37, 'Rangements'),
	(763, 37, 'Vaisselle'),
	(764, 37, '2 chaises'),
	(765, 37, 'Table'),
	(766, 37, 'Télévision'),
	(767, 37, 'Livebox'),
	(768, 37, 'Lampes'),
	(769, 37, 'Lit'),
	(770, 37, 'Douche'),
	(771, 37, 'Toilettes'),
	(772, 37, 'Miroir'),
	(773, 37, 'Poubelle'),
	(774, 37, 'Détecteur de fumée'),
	(775, 37, 'Radiateur'),
	(776, 37, 'Isolation'),
	(777, 37, 'Aspirateur'),
	(778, 38, 'Réfrigérateur'),
	(779, 38, 'Plaque de cuisson'),
	(780, 38, 'Four'),
	(781, 38, 'Micro-ondes'),
	(782, 38, 'Évier'),
	(783, 38, 'Rangements'),
	(784, 38, 'Vaisselle'),
	(785, 38, '2 chaises'),
	(786, 38, 'Table'),
	(787, 38, 'Télévision'),
	(788, 38, 'Livebox'),
	(789, 38, 'Lampes'),
	(790, 38, 'Lit'),
	(791, 38, 'Douche'),
	(792, 38, 'Toilettes'),
	(793, 38, 'Miroir'),
	(794, 38, 'Poubelle'),
	(795, 38, 'Détecteur de fumée'),
	(796, 38, 'Radiateur'),
	(797, 38, 'Isolation'),
	(798, 38, 'Aspirateur'),
	(799, 39, 'Réfrigérateur'),
	(800, 39, 'Plaque de cuisson'),
	(801, 39, 'Four'),
	(802, 39, 'Micro-ondes'),
	(803, 39, 'Évier'),
	(804, 39, 'Rangements'),
	(805, 39, 'Vaisselle'),
	(806, 39, '2 chaises'),
	(807, 39, 'Table'),
	(808, 39, 'Télévision'),
	(809, 39, 'Livebox'),
	(810, 39, 'Lampes'),
	(811, 39, 'Lit'),
	(812, 39, 'Douche'),
	(813, 39, 'Toilettes'),
	(814, 39, 'Miroir'),
	(815, 39, 'Poubelle'),
	(816, 39, 'Détecteur de fumée'),
	(817, 39, 'Radiateur'),
	(818, 39, 'Isolation'),
	(819, 39, 'Aspirateur'),
	(820, 40, 'Réfrigérateur'),
	(821, 40, 'Plaque de cuisson'),
	(822, 40, 'Four'),
	(823, 40, 'Micro-ondes'),
	(824, 40, 'Évier'),
	(825, 40, 'Rangements'),
	(826, 40, 'Vaisselle'),
	(827, 40, '2 chaises'),
	(828, 40, 'Table'),
	(829, 40, 'Télévision'),
	(830, 40, 'Livebox'),
	(831, 40, 'Lampes'),
	(832, 40, 'Lit'),
	(833, 40, 'Douche'),
	(834, 40, 'Toilettes'),
	(835, 40, 'Miroir'),
	(836, 40, 'Poubelle'),
	(837, 40, 'Détecteur de fumée'),
	(838, 40, 'Radiateur'),
	(839, 40, 'Isolation'),
	(840, 40, 'Aspirateur'),
	(841, 41, 'Réfrigérateur'),
	(842, 41, 'Plaque de cuisson'),
	(843, 41, 'Four'),
	(844, 41, 'Micro-ondes'),
	(845, 41, 'Évier'),
	(846, 41, 'Rangements'),
	(847, 41, 'Vaisselle'),
	(848, 41, '2 chaises'),
	(849, 41, 'Table'),
	(850, 41, 'Télévision'),
	(851, 41, 'Livebox'),
	(852, 41, 'Lampes'),
	(853, 41, 'Lit'),
	(854, 41, 'Douche'),
	(855, 41, 'Toilettes'),
	(856, 41, 'Miroir'),
	(857, 41, 'Poubelle'),
	(858, 41, 'Détecteur de fumée'),
	(859, 41, 'Radiateur'),
	(860, 41, 'Isolation'),
	(861, 41, 'Aspirateur'),
	(862, 42, 'Réfrigérateur'),
	(863, 42, 'Plaque de cuisson'),
	(864, 42, 'Four'),
	(865, 42, 'Micro-ondes'),
	(866, 42, 'Évier'),
	(867, 42, 'Rangements'),
	(868, 42, 'Vaisselle'),
	(869, 42, '2 chaises'),
	(870, 42, 'Table'),
	(871, 42, 'Télévision'),
	(872, 42, 'Livebox'),
	(873, 42, 'Lampes'),
	(874, 42, 'Lit'),
	(875, 42, 'Douche'),
	(876, 42, 'Toilettes'),
	(877, 42, 'Miroir'),
	(878, 42, 'Poubelle'),
	(879, 42, 'Détecteur de fumée'),
	(880, 42, 'Radiateur'),
	(881, 42, 'Isolation'),
	(882, 42, 'Aspirateur'),
	(883, 43, 'Réfrigérateur'),
	(884, 43, 'Plaque de cuisson'),
	(885, 43, 'Four'),
	(886, 43, 'Micro-ondes'),
	(887, 43, 'Évier'),
	(888, 43, 'Rangements'),
	(889, 43, 'Vaisselle'),
	(890, 43, '2 chaises'),
	(891, 43, 'Table'),
	(892, 43, 'Télévision'),
	(893, 43, 'Livebox'),
	(894, 43, 'Lampes'),
	(895, 43, 'Lit'),
	(896, 43, 'Douche'),
	(897, 43, 'Toilettes'),
	(898, 43, 'Miroir'),
	(899, 43, 'Poubelle'),
	(900, 43, 'Détecteur de fumée'),
	(901, 43, 'Radiateur'),
	(902, 43, 'Isolation'),
	(903, 43, 'Aspirateur'),
	(904, 44, 'Réfrigérateur'),
	(905, 44, 'Plaque de cuisson'),
	(906, 44, 'Four'),
	(907, 44, 'Micro-ondes'),
	(908, 44, 'Évier'),
	(909, 44, 'Rangements'),
	(910, 44, 'Vaisselle'),
	(911, 44, '2 chaises'),
	(912, 44, 'Table'),
	(913, 44, 'Télévision'),
	(914, 44, 'Livebox'),
	(915, 44, 'Lampes'),
	(916, 44, 'Lit'),
	(917, 44, 'Douche'),
	(918, 44, 'Toilettes'),
	(919, 44, 'Miroir'),
	(920, 44, 'Poubelle'),
	(921, 44, 'Détecteur de fumée'),
	(922, 44, 'Radiateur'),
	(923, 44, 'Isolation'),
	(924, 44, 'Aspirateur'),
	(925, 45, 'Réfrigérateur'),
	(926, 45, 'Plaque de cuisson'),
	(927, 45, 'Four'),
	(928, 45, 'Micro-ondes'),
	(929, 45, 'Évier'),
	(930, 45, 'Rangements'),
	(931, 45, 'Vaisselle'),
	(932, 45, '2 chaises'),
	(933, 45, 'Table'),
	(934, 45, 'Télévision'),
	(935, 45, 'Livebox'),
	(936, 45, 'Lampes'),
	(937, 45, 'Lit'),
	(938, 45, 'Douche'),
	(939, 45, 'Toilettes'),
	(940, 45, 'Miroir'),
	(941, 45, 'Poubelle'),
	(942, 45, 'Détecteur de fumée'),
	(943, 45, 'Radiateur'),
	(944, 45, 'Isolation'),
	(945, 45, 'Aspirateur'),
	(946, 46, 'Réfrigérateur'),
	(947, 46, 'Plaque de cuisson'),
	(948, 46, 'Four'),
	(949, 46, 'Micro-ondes'),
	(950, 46, 'Évier'),
	(951, 46, 'Rangements'),
	(952, 46, 'Vaisselle'),
	(953, 46, '2 chaises'),
	(954, 46, 'Table'),
	(955, 46, 'Télévision'),
	(956, 46, 'Livebox'),
	(957, 46, 'Lampes'),
	(958, 46, 'Lit'),
	(959, 46, 'Douche'),
	(960, 46, 'Toilettes'),
	(961, 46, 'Miroir'),
	(962, 46, 'Poubelle'),
	(963, 46, 'Détecteur de fumée'),
	(964, 46, 'Radiateur'),
	(965, 46, 'Isolation'),
	(966, 46, 'Aspirateur'),
	(967, 47, 'Réfrigérateur'),
	(968, 47, 'Plaque de cuisson'),
	(969, 47, 'Four'),
	(970, 47, 'Micro-ondes'),
	(971, 47, 'Évier'),
	(972, 47, 'Rangements'),
	(973, 47, 'Vaisselle'),
	(974, 47, '2 chaises'),
	(975, 47, 'Table'),
	(976, 47, 'Télévision'),
	(977, 47, 'Livebox'),
	(978, 47, 'Lampes'),
	(979, 47, 'Lit'),
	(980, 47, 'Douche'),
	(981, 47, 'Toilettes'),
	(982, 47, 'Miroir'),
	(983, 47, 'Poubelle'),
	(984, 47, 'Détecteur de fumée'),
	(985, 47, 'Radiateur'),
	(986, 47, 'Isolation'),
	(987, 47, 'Aspirateur'),
	(988, 48, 'Réfrigérateur'),
	(989, 48, 'Plaque de cuisson'),
	(990, 48, 'Four'),
	(991, 48, 'Micro-ondes'),
	(992, 48, 'Évier'),
	(993, 48, 'Rangements'),
	(994, 48, 'Vaisselle'),
	(995, 48, '2 chaises'),
	(996, 48, 'Table'),
	(997, 48, 'Télévision'),
	(998, 48, 'Livebox'),
	(999, 48, 'Lampes'),
	(1000, 48, 'Lit'),
	(1001, 48, 'Douche'),
	(1002, 48, 'Toilettes'),
	(1003, 48, 'Miroir'),
	(1004, 48, 'Poubelle'),
	(1005, 48, 'Détecteur de fumée'),
	(1006, 48, 'Radiateur'),
	(1007, 48, 'Isolation'),
	(1008, 48, 'Aspirateur'),
	(1009, 49, 'Réfrigérateur'),
	(1010, 49, 'Plaque de cuisson'),
	(1011, 49, 'Four'),
	(1012, 49, 'Micro-ondes'),
	(1013, 49, 'Évier'),
	(1014, 49, 'Rangements'),
	(1015, 49, 'Vaisselle'),
	(1016, 49, '2 chaises'),
	(1017, 49, 'Table'),
	(1018, 49, 'Télévision'),
	(1019, 49, 'Livebox'),
	(1020, 49, 'Lampes'),
	(1021, 49, 'Lit'),
	(1022, 49, 'Douche'),
	(1023, 49, 'Toilettes'),
	(1024, 49, 'Miroir'),
	(1025, 49, 'Poubelle'),
	(1026, 49, 'Détecteur de fumée'),
	(1027, 49, 'Radiateur'),
	(1028, 49, 'Isolation'),
	(1029, 49, 'Aspirateur'),
	(1030, 50, 'Réfrigérateur'),
	(1031, 50, 'Plaque de cuisson'),
	(1032, 50, 'Four'),
	(1033, 50, 'Micro-ondes'),
	(1034, 50, 'Évier'),
	(1035, 50, 'Rangements'),
	(1036, 50, 'Vaisselle'),
	(1037, 50, '2 chaises'),
	(1038, 50, 'Table'),
	(1039, 50, 'Télévision'),
	(1040, 50, 'Livebox'),
	(1041, 50, 'Lampes'),
	(1042, 50, 'Lit'),
	(1043, 50, 'Douche'),
	(1044, 50, 'Toilettes'),
	(1045, 50, 'Miroir'),
	(1046, 50, 'Poubelle'),
	(1047, 50, 'Détecteur de fumée'),
	(1048, 50, 'Radiateur'),
	(1049, 50, 'Isolation'),
	(1050, 50, 'Aspirateur'),
	(1051, 51, 'Réfrigérateur'),
	(1052, 51, 'Plaque de cuisson'),
	(1053, 51, 'Four'),
	(1054, 51, 'Micro-ondes'),
	(1055, 51, 'Évier'),
	(1056, 51, 'Rangements'),
	(1057, 51, 'Vaisselle'),
	(1058, 51, '2 chaises'),
	(1059, 51, 'Table'),
	(1060, 51, 'Télévision'),
	(1061, 51, 'Livebox'),
	(1062, 51, 'Lampes'),
	(1063, 51, 'Lit'),
	(1064, 51, 'Douche'),
	(1065, 51, 'Toilettes'),
	(1066, 51, 'Miroir'),
	(1067, 51, 'Poubelle'),
	(1068, 51, 'Détecteur de fumée'),
	(1069, 51, 'Radiateur'),
	(1070, 51, 'Isolation'),
	(1071, 51, 'Aspirateur'),
	(1072, 52, 'Réfrigérateur'),
	(1073, 52, 'Plaque de cuisson'),
	(1074, 52, 'Four'),
	(1075, 52, 'Micro-ondes'),
	(1076, 52, 'Évier'),
	(1077, 52, 'Rangements'),
	(1078, 52, 'Vaisselle'),
	(1079, 52, '2 chaises'),
	(1080, 52, 'Table'),
	(1081, 52, 'Télévision'),
	(1082, 52, 'Livebox'),
	(1083, 52, 'Lampes'),
	(1084, 52, 'Lit'),
	(1085, 52, 'Douche'),
	(1086, 52, 'Toilettes'),
	(1087, 52, 'Miroir'),
	(1088, 52, 'Poubelle'),
	(1089, 52, 'Détecteur de fumée'),
	(1090, 52, 'Radiateur'),
	(1091, 52, 'Isolation'),
	(1092, 52, 'Aspirateur'),
	(1093, 53, 'Réfrigérateur'),
	(1094, 53, 'Plaque de cuisson'),
	(1095, 53, 'Four'),
	(1096, 53, 'Micro-ondes'),
	(1097, 53, 'Évier'),
	(1098, 53, 'Rangements'),
	(1099, 53, 'Vaisselle'),
	(1100, 53, '2 chaises'),
	(1101, 53, 'Table'),
	(1102, 53, 'Télévision'),
	(1103, 53, 'Livebox'),
	(1104, 53, 'Lampes'),
	(1105, 53, 'Lit'),
	(1106, 53, 'Douche'),
	(1107, 53, 'Toilettes'),
	(1108, 53, 'Miroir'),
	(1109, 53, 'Poubelle'),
	(1110, 53, 'Détecteur de fumée'),
	(1111, 53, 'Radiateur'),
	(1112, 53, 'Isolation'),
	(1113, 53, 'Aspirateur'),
	(1114, 54, 'Réfrigérateur'),
	(1115, 54, 'Plaque de cuisson'),
	(1116, 54, 'Four'),
	(1117, 54, 'Micro-ondes'),
	(1118, 54, 'Évier'),
	(1119, 54, 'Rangements'),
	(1120, 54, 'Vaisselle'),
	(1121, 54, '2 chaises'),
	(1122, 54, 'Table'),
	(1123, 54, 'Télévision'),
	(1124, 54, 'Livebox'),
	(1125, 54, 'Lampes'),
	(1126, 54, 'Lit'),
	(1127, 54, 'Douche'),
	(1128, 54, 'Toilettes'),
	(1129, 54, 'Miroir'),
	(1130, 54, 'Poubelle'),
	(1131, 54, 'Détecteur de fumée'),
	(1132, 54, 'Radiateur'),
	(1133, 54, 'Isolation'),
	(1134, 54, 'Aspirateur'),
	(1135, 55, 'Réfrigérateur'),
	(1136, 55, 'Plaque de cuisson'),
	(1137, 55, 'Four'),
	(1138, 55, 'Micro-ondes'),
	(1139, 55, 'Évier'),
	(1140, 55, 'Rangements'),
	(1141, 55, 'Vaisselle'),
	(1142, 55, '2 chaises'),
	(1143, 55, 'Table'),
	(1144, 55, 'Télévision'),
	(1145, 55, 'Livebox'),
	(1146, 55, 'Lampes'),
	(1147, 55, 'Lit'),
	(1148, 55, 'Douche'),
	(1149, 55, 'Toilettes'),
	(1150, 55, 'Miroir'),
	(1151, 55, 'Poubelle'),
	(1152, 55, 'Détecteur de fumée'),
	(1153, 55, 'Radiateur'),
	(1154, 55, 'Isolation'),
	(1155, 55, 'Aspirateur'),
	(1156, 56, 'Réfrigérateur'),
	(1157, 56, 'Plaque de cuisson'),
	(1158, 56, 'Four'),
	(1159, 56, 'Micro-ondes'),
	(1160, 56, 'Évier'),
	(1161, 56, 'Rangements'),
	(1162, 56, 'Vaisselle'),
	(1163, 56, '2 chaises'),
	(1164, 56, 'Table'),
	(1165, 56, 'Télévision'),
	(1166, 56, 'Livebox'),
	(1167, 56, 'Lampes'),
	(1168, 56, 'Lit'),
	(1169, 56, 'Douche'),
	(1170, 56, 'Toilettes'),
	(1171, 56, 'Miroir'),
	(1172, 56, 'Poubelle'),
	(1173, 56, 'Détecteur de fumée'),
	(1174, 56, 'Radiateur'),
	(1175, 56, 'Isolation'),
	(1176, 56, 'Aspirateur'),
	(1177, 57, 'Réfrigérateur'),
	(1178, 57, 'Plaque de cuisson'),
	(1179, 57, 'Four'),
	(1180, 57, 'Micro-ondes'),
	(1181, 57, 'Évier'),
	(1182, 57, 'Rangements'),
	(1183, 57, 'Vaisselle'),
	(1184, 57, '2 chaises'),
	(1185, 57, 'Table'),
	(1186, 57, 'Télévision'),
	(1187, 57, 'Livebox'),
	(1188, 57, 'Lampes'),
	(1189, 57, 'Lit'),
	(1190, 57, 'Douche'),
	(1191, 57, 'Toilettes'),
	(1192, 57, 'Miroir'),
	(1193, 57, 'Poubelle'),
	(1194, 57, 'Détecteur de fumée'),
	(1195, 57, 'Radiateur'),
	(1196, 57, 'Isolation'),
	(1197, 57, 'Aspirateur'),
	(1198, 58, 'Réfrigérateur'),
	(1199, 58, 'Plaque de cuisson'),
	(1200, 58, 'Four'),
	(1201, 58, 'Micro-ondes'),
	(1202, 58, 'Évier'),
	(1203, 58, 'Rangements'),
	(1204, 58, 'Vaisselle'),
	(1205, 58, '2 chaises'),
	(1206, 58, 'Table'),
	(1207, 58, 'Télévision'),
	(1208, 58, 'Livebox'),
	(1209, 58, 'Lampes'),
	(1210, 58, 'Lit'),
	(1211, 58, 'Douche'),
	(1212, 58, 'Toilettes'),
	(1213, 58, 'Miroir'),
	(1214, 58, 'Poubelle'),
	(1215, 58, 'Détecteur de fumée'),
	(1216, 58, 'Radiateur'),
	(1217, 58, 'Isolation'),
	(1218, 58, 'Aspirateur'),
	(1219, 59, 'Réfrigérateur'),
	(1220, 59, 'Plaque de cuisson'),
	(1221, 59, 'Four'),
	(1222, 59, 'Micro-ondes'),
	(1223, 59, 'Évier'),
	(1224, 59, 'Rangements'),
	(1225, 59, 'Vaisselle'),
	(1226, 59, '2 chaises'),
	(1227, 59, 'Table'),
	(1228, 59, 'Télévision'),
	(1229, 59, 'Livebox'),
	(1230, 59, 'Lampes'),
	(1231, 59, 'Lit'),
	(1232, 59, 'Douche'),
	(1233, 59, 'Toilettes'),
	(1234, 59, 'Miroir'),
	(1235, 59, 'Poubelle'),
	(1236, 59, 'Détecteur de fumée'),
	(1237, 59, 'Radiateur'),
	(1238, 59, 'Isolation'),
	(1239, 59, 'Aspirateur'),
	(1240, 60, 'Réfrigérateur'),
	(1241, 60, 'Plaque de cuisson'),
	(1242, 60, 'Four'),
	(1243, 60, 'Micro-ondes'),
	(1244, 60, 'Évier'),
	(1245, 60, 'Rangements'),
	(1246, 60, 'Vaisselle'),
	(1247, 60, '2 chaises'),
	(1248, 60, 'Table'),
	(1249, 60, 'Télévision'),
	(1250, 60, 'Livebox'),
	(1251, 60, 'Lampes'),
	(1252, 60, 'Lit'),
	(1253, 60, 'Douche'),
	(1254, 60, 'Toilettes'),
	(1255, 60, 'Miroir'),
	(1256, 60, 'Poubelle'),
	(1257, 60, 'Détecteur de fumée'),
	(1258, 60, 'Radiateur'),
	(1259, 60, 'Isolation'),
	(1260, 60, 'Aspirateur'),
	(1261, 61, 'Réfrigérateur'),
	(1262, 61, 'Plaque de cuisson'),
	(1263, 61, 'Four'),
	(1264, 61, 'Micro-ondes'),
	(1265, 61, 'Évier'),
	(1266, 61, 'Rangements'),
	(1267, 61, 'Vaisselle'),
	(1268, 61, '2 chaises'),
	(1269, 61, 'Table'),
	(1270, 61, 'Télévision'),
	(1271, 61, 'Livebox'),
	(1272, 61, 'Lampes'),
	(1273, 61, 'Lit'),
	(1274, 61, 'Douche'),
	(1275, 61, 'Toilettes'),
	(1276, 61, 'Miroir'),
	(1277, 61, 'Poubelle'),
	(1278, 61, 'Détecteur de fumée'),
	(1279, 61, 'Radiateur'),
	(1280, 61, 'Isolation'),
	(1281, 61, 'Aspirateur'),
	(1282, 62, 'Réfrigérateur'),
	(1283, 62, 'Plaque de cuisson'),
	(1284, 62, 'Four'),
	(1285, 62, 'Micro-ondes'),
	(1286, 62, 'Évier'),
	(1287, 62, 'Rangements'),
	(1288, 62, 'Vaisselle'),
	(1289, 62, '2 chaises'),
	(1290, 62, 'Table'),
	(1291, 62, 'Télévision'),
	(1292, 62, 'Livebox'),
	(1293, 62, 'Lampes'),
	(1294, 62, 'Lit'),
	(1295, 62, 'Douche'),
	(1296, 62, 'Toilettes'),
	(1297, 62, 'Miroir'),
	(1298, 62, 'Poubelle'),
	(1299, 62, 'Détecteur de fumée'),
	(1300, 62, 'Radiateur'),
	(1301, 62, 'Isolation'),
	(1302, 62, 'Aspirateur'),
	(1303, 63, 'Réfrigérateur'),
	(1304, 63, 'Plaque de cuisson'),
	(1305, 63, 'Four'),
	(1306, 63, 'Micro-ondes'),
	(1307, 63, 'Évier'),
	(1308, 63, 'Rangements'),
	(1309, 63, 'Vaisselle'),
	(1310, 63, '2 chaises'),
	(1311, 63, 'Table'),
	(1312, 63, 'Télévision'),
	(1313, 63, 'Livebox'),
	(1314, 63, 'Lampes'),
	(1315, 63, 'Lit'),
	(1316, 63, 'Douche'),
	(1317, 63, 'Toilettes'),
	(1318, 63, 'Miroir'),
	(1319, 63, 'Poubelle'),
	(1320, 63, 'Détecteur de fumée'),
	(1321, 63, 'Radiateur'),
	(1322, 63, 'Isolation'),
	(1323, 63, 'Aspirateur'),
	(1324, 64, 'Réfrigérateur'),
	(1325, 64, 'Plaque de cuisson'),
	(1326, 64, 'Four'),
	(1327, 64, 'Micro-ondes'),
	(1328, 64, 'Évier'),
	(1329, 64, 'Rangements'),
	(1330, 64, 'Vaisselle'),
	(1331, 64, '2 chaises'),
	(1332, 64, 'Table'),
	(1333, 64, 'Télévision'),
	(1334, 64, 'Livebox'),
	(1335, 64, 'Lampes'),
	(1336, 64, 'Lit'),
	(1337, 64, 'Douche'),
	(1338, 64, 'Toilettes'),
	(1339, 64, 'Miroir'),
	(1340, 64, 'Poubelle'),
	(1341, 64, 'Détecteur de fumée'),
	(1342, 64, 'Radiateur'),
	(1343, 64, 'Isolation'),
	(1344, 64, 'Aspirateur'),
	(1345, 65, 'Réfrigérateur'),
	(1346, 65, 'Plaque de cuisson'),
	(1347, 65, 'Four'),
	(1348, 65, 'Micro-ondes'),
	(1349, 65, 'Évier'),
	(1350, 65, 'Rangements'),
	(1351, 65, 'Vaisselle'),
	(1352, 65, '2 chaises'),
	(1353, 65, 'Table'),
	(1354, 65, 'Télévision'),
	(1355, 65, 'Livebox'),
	(1356, 65, 'Lampes'),
	(1357, 65, 'Lit'),
	(1358, 65, 'Douche'),
	(1359, 65, 'Toilettes'),
	(1360, 65, 'Miroir'),
	(1361, 65, 'Poubelle'),
	(1362, 65, 'Détecteur de fumée'),
	(1363, 65, 'Radiateur'),
	(1364, 65, 'Isolation'),
	(1365, 65, 'Aspirateur'),
	(1366, 66, 'Réfrigérateur'),
	(1367, 66, 'Plaque de cuisson'),
	(1368, 66, 'Four'),
	(1369, 66, 'Micro-ondes'),
	(1370, 66, 'Évier'),
	(1371, 66, 'Rangements'),
	(1372, 66, 'Vaisselle'),
	(1373, 66, '2 chaises'),
	(1374, 66, 'Table'),
	(1375, 66, 'Télévision'),
	(1376, 66, 'Livebox'),
	(1377, 66, 'Lampes'),
	(1378, 66, 'Lit'),
	(1379, 66, 'Douche'),
	(1380, 66, 'Toilettes'),
	(1381, 66, 'Miroir'),
	(1382, 66, 'Poubelle'),
	(1383, 66, 'Détecteur de fumée'),
	(1384, 66, 'Radiateur'),
	(1385, 66, 'Isolation'),
	(1386, 66, 'Aspirateur'),
	(1387, 67, 'Réfrigérateur'),
	(1388, 67, 'Plaque de cuisson'),
	(1389, 67, 'Four'),
	(1390, 67, 'Micro-ondes'),
	(1391, 67, 'Évier'),
	(1392, 67, 'Rangements'),
	(1393, 67, 'Vaisselle'),
	(1394, 67, '2 chaises'),
	(1395, 67, 'Table'),
	(1396, 67, 'Télévision'),
	(1397, 67, 'Livebox'),
	(1398, 67, 'Lampes'),
	(1399, 67, 'Lit'),
	(1400, 67, 'Douche'),
	(1401, 67, 'Toilettes'),
	(1402, 67, 'Miroir'),
	(1403, 67, 'Poubelle'),
	(1404, 67, 'Détecteur de fumée'),
	(1405, 67, 'Radiateur'),
	(1406, 67, 'Isolation'),
	(1407, 67, 'Aspirateur'),
	(1408, 68, 'Réfrigérateur'),
	(1409, 68, 'Plaque de cuisson'),
	(1410, 68, 'Four'),
	(1411, 68, 'Micro-ondes'),
	(1412, 68, 'Évier'),
	(1413, 68, 'Rangements'),
	(1414, 68, 'Vaisselle'),
	(1415, 68, '2 chaises'),
	(1416, 68, 'Table'),
	(1417, 68, 'Télévision'),
	(1418, 68, 'Livebox'),
	(1419, 68, 'Lampes'),
	(1420, 68, 'Lit'),
	(1421, 68, 'Douche'),
	(1422, 68, 'Toilettes'),
	(1423, 68, 'Miroir'),
	(1424, 68, 'Poubelle'),
	(1425, 68, 'Détecteur de fumée'),
	(1426, 68, 'Radiateur'),
	(1427, 68, 'Isolation'),
	(1428, 68, 'Aspirateur'),
	(1429, 69, 'Réfrigérateur'),
	(1430, 69, 'Plaque de cuisson'),
	(1431, 69, 'Four'),
	(1432, 69, 'Micro-ondes'),
	(1433, 69, 'Évier'),
	(1434, 69, 'Rangements'),
	(1435, 69, 'Vaisselle'),
	(1436, 69, '2 chaises'),
	(1437, 69, 'Table'),
	(1438, 69, 'Télévision'),
	(1439, 69, 'Livebox'),
	(1440, 69, 'Lampes'),
	(1441, 69, 'Lit'),
	(1442, 69, 'Douche'),
	(1443, 69, 'Toilettes'),
	(1444, 69, 'Miroir'),
	(1445, 69, 'Poubelle'),
	(1446, 69, 'Détecteur de fumée'),
	(1447, 69, 'Radiateur'),
	(1448, 69, 'Isolation'),
	(1449, 69, 'Aspirateur'),
	(1450, 70, 'Réfrigérateur'),
	(1451, 70, 'Plaque de cuisson'),
	(1452, 70, 'Four'),
	(1453, 70, 'Micro-ondes'),
	(1454, 70, 'Évier'),
	(1455, 70, 'Rangements'),
	(1456, 70, 'Vaisselle'),
	(1457, 70, '2 chaises'),
	(1458, 70, 'Table'),
	(1459, 70, 'Télévision'),
	(1460, 70, 'Livebox'),
	(1461, 70, 'Lampes'),
	(1462, 70, 'Lit'),
	(1463, 70, 'Douche'),
	(1464, 70, 'Toilettes'),
	(1465, 70, 'Miroir'),
	(1466, 70, 'Poubelle'),
	(1467, 70, 'Détecteur de fumée'),
	(1468, 70, 'Radiateur'),
	(1469, 70, 'Isolation'),
	(1470, 70, 'Aspirateur'),
	(1471, 71, 'Réfrigérateur'),
	(1472, 71, 'Plaque de cuisson'),
	(1473, 71, 'Four'),
	(1474, 71, 'Micro-ondes'),
	(1475, 71, 'Évier'),
	(1476, 71, 'Rangements'),
	(1477, 71, 'Vaisselle'),
	(1478, 71, '2 chaises'),
	(1479, 71, 'Table'),
	(1480, 71, 'Télévision'),
	(1481, 71, 'Livebox'),
	(1482, 71, 'Lampes'),
	(1483, 71, 'Lit'),
	(1484, 71, 'Douche'),
	(1485, 71, 'Toilettes'),
	(1486, 71, 'Miroir'),
	(1487, 71, 'Poubelle'),
	(1488, 71, 'Détecteur de fumée'),
	(1489, 71, 'Radiateur'),
	(1490, 71, 'Isolation'),
	(1491, 71, 'Aspirateur'),
	(1492, 72, 'Réfrigérateur'),
	(1493, 72, 'Plaque de cuisson'),
	(1494, 72, 'Four'),
	(1495, 72, 'Micro-ondes'),
	(1496, 72, 'Évier'),
	(1497, 72, 'Rangements'),
	(1498, 72, 'Vaisselle'),
	(1499, 72, '2 chaises'),
	(1500, 72, 'Table'),
	(1501, 72, 'Télévision'),
	(1502, 72, 'Livebox'),
	(1503, 72, 'Lampes'),
	(1504, 72, 'Lit'),
	(1505, 72, 'Douche'),
	(1506, 72, 'Toilettes'),
	(1507, 72, 'Miroir'),
	(1508, 72, 'Poubelle'),
	(1509, 72, 'Détecteur de fumée'),
	(1510, 72, 'Radiateur'),
	(1511, 72, 'Isolation'),
	(1512, 72, 'Aspirateur'),
	(1513, 73, 'Réfrigérateur'),
	(1514, 73, 'Plaque de cuisson'),
	(1515, 73, 'Four'),
	(1516, 73, 'Micro-ondes'),
	(1517, 73, 'Évier'),
	(1518, 73, 'Rangements'),
	(1519, 73, 'Vaisselle'),
	(1520, 73, '2 chaises'),
	(1521, 73, 'Table'),
	(1522, 73, 'Télévision'),
	(1523, 73, 'Livebox'),
	(1524, 73, 'Lampes'),
	(1525, 73, 'Lit'),
	(1526, 73, 'Douche'),
	(1527, 73, 'Toilettes'),
	(1528, 73, 'Miroir'),
	(1529, 73, 'Poubelle'),
	(1530, 73, 'Détecteur de fumée'),
	(1531, 73, 'Radiateur'),
	(1532, 73, 'Isolation'),
	(1533, 73, 'Aspirateur'),
	(1534, 74, 'Réfrigérateur'),
	(1535, 74, 'Plaque de cuisson'),
	(1536, 74, 'Four'),
	(1537, 74, 'Micro-ondes'),
	(1538, 74, 'Évier'),
	(1539, 74, 'Rangements'),
	(1540, 74, 'Vaisselle'),
	(1541, 74, '2 chaises'),
	(1542, 74, 'Table'),
	(1543, 74, 'Télévision'),
	(1544, 74, 'Livebox'),
	(1545, 74, 'Lampes'),
	(1546, 74, 'Lit'),
	(1547, 74, 'Douche'),
	(1548, 74, 'Toilettes'),
	(1549, 74, 'Miroir'),
	(1550, 74, 'Poubelle'),
	(1551, 74, 'Détecteur de fumée'),
	(1552, 74, 'Radiateur'),
	(1553, 74, 'Isolation'),
	(1554, 74, 'Aspirateur'),
	(1555, 75, 'Réfrigérateur'),
	(1556, 75, 'Plaque de cuisson'),
	(1557, 75, 'Four'),
	(1558, 75, 'Micro-ondes'),
	(1559, 75, 'Évier'),
	(1560, 75, 'Rangements'),
	(1561, 75, 'Vaisselle'),
	(1562, 75, '2 chaises'),
	(1563, 75, 'Table'),
	(1564, 75, 'Télévision'),
	(1565, 75, 'Livebox'),
	(1566, 75, 'Lampes'),
	(1567, 75, 'Lit'),
	(1568, 75, 'Douche'),
	(1569, 75, 'Toilettes'),
	(1570, 75, 'Miroir'),
	(1571, 75, 'Poubelle'),
	(1572, 75, 'Détecteur de fumée'),
	(1573, 75, 'Radiateur'),
	(1574, 75, 'Isolation'),
	(1575, 75, 'Aspirateur'),
	(1576, 76, 'Réfrigérateur'),
	(1577, 76, 'Plaque de cuisson'),
	(1578, 76, 'Four'),
	(1579, 76, 'Micro-ondes'),
	(1580, 76, 'Évier'),
	(1581, 76, 'Rangements'),
	(1582, 76, 'Vaisselle'),
	(1583, 76, '2 chaises'),
	(1584, 76, 'Table'),
	(1585, 76, 'Télévision'),
	(1586, 76, 'Livebox'),
	(1587, 76, 'Lampes'),
	(1588, 76, 'Lit'),
	(1589, 76, 'Douche'),
	(1590, 76, 'Toilettes'),
	(1591, 76, 'Miroir'),
	(1592, 76, 'Poubelle'),
	(1593, 76, 'Détecteur de fumée'),
	(1594, 76, 'Radiateur'),
	(1595, 76, 'Isolation'),
	(1596, 76, 'Aspirateur'),
	(1597, 77, 'Réfrigérateur'),
	(1598, 77, 'Plaque de cuisson'),
	(1599, 77, 'Four'),
	(1600, 77, 'Micro-ondes'),
	(1601, 77, 'Évier'),
	(1602, 77, 'Rangements'),
	(1603, 77, 'Vaisselle'),
	(1604, 77, '2 chaises'),
	(1605, 77, 'Table'),
	(1606, 77, 'Télévision'),
	(1607, 77, 'Livebox'),
	(1608, 77, 'Lampes'),
	(1609, 77, 'Lit'),
	(1610, 77, 'Douche'),
	(1611, 77, 'Toilettes'),
	(1612, 77, 'Miroir'),
	(1613, 77, 'Poubelle'),
	(1614, 77, 'Détecteur de fumée'),
	(1615, 77, 'Radiateur'),
	(1616, 77, 'Isolation'),
	(1617, 77, 'Aspirateur'),
	(1618, 78, 'Réfrigérateur'),
	(1619, 78, 'Plaque de cuisson'),
	(1620, 78, 'Four'),
	(1621, 78, 'Micro-ondes'),
	(1622, 78, 'Évier'),
	(1623, 78, 'Rangements'),
	(1624, 78, 'Vaisselle'),
	(1625, 78, '2 chaises'),
	(1626, 78, 'Table'),
	(1627, 78, 'Télévision'),
	(1628, 78, 'Livebox'),
	(1629, 78, 'Lampes'),
	(1630, 78, 'Lit'),
	(1631, 78, 'Douche'),
	(1632, 78, 'Toilettes'),
	(1633, 78, 'Miroir'),
	(1634, 78, 'Poubelle'),
	(1635, 78, 'Détecteur de fumée'),
	(1636, 78, 'Radiateur'),
	(1637, 78, 'Isolation'),
	(1638, 78, 'Aspirateur'),
	(1639, 79, 'Réfrigérateur'),
	(1640, 79, 'Plaque de cuisson'),
	(1641, 79, 'Four'),
	(1642, 79, 'Micro-ondes'),
	(1643, 79, 'Évier'),
	(1644, 79, 'Rangements'),
	(1645, 79, 'Vaisselle'),
	(1646, 79, '2 chaises'),
	(1647, 79, 'Table'),
	(1648, 79, 'Télévision'),
	(1649, 79, 'Livebox'),
	(1650, 79, 'Lampes'),
	(1651, 79, 'Lit'),
	(1652, 79, 'Douche'),
	(1653, 79, 'Toilettes'),
	(1654, 79, 'Miroir'),
	(1655, 79, 'Poubelle'),
	(1656, 79, 'Détecteur de fumée'),
	(1657, 79, 'Radiateur'),
	(1658, 79, 'Isolation'),
	(1659, 79, 'Aspirateur'),
	(1660, 80, 'Réfrigérateur'),
	(1661, 80, 'Plaque de cuisson'),
	(1662, 80, 'Four'),
	(1663, 80, 'Micro-ondes'),
	(1664, 80, 'Évier'),
	(1665, 80, 'Rangements'),
	(1666, 80, 'Vaisselle'),
	(1667, 80, '2 chaises'),
	(1668, 80, 'Table'),
	(1669, 80, 'Télévision'),
	(1670, 80, 'Livebox'),
	(1671, 80, 'Lampes'),
	(1672, 80, 'Lit'),
	(1673, 80, 'Douche'),
	(1674, 80, 'Toilettes'),
	(1675, 80, 'Miroir'),
	(1676, 80, 'Poubelle'),
	(1677, 80, 'Détecteur de fumée'),
	(1678, 80, 'Radiateur'),
	(1679, 80, 'Isolation'),
	(1680, 80, 'Aspirateur'),
	(1681, 81, 'Réfrigérateur'),
	(1682, 81, 'Plaque de cuisson'),
	(1683, 81, 'Four'),
	(1684, 81, 'Micro-ondes'),
	(1685, 81, 'Évier'),
	(1686, 81, 'Rangements'),
	(1687, 81, 'Vaisselle'),
	(1688, 81, '2 chaises'),
	(1689, 81, 'Table'),
	(1690, 81, 'Télévision'),
	(1691, 81, 'Livebox'),
	(1692, 81, 'Lampes'),
	(1693, 81, 'Lit'),
	(1694, 81, 'Douche'),
	(1695, 81, 'Toilettes'),
	(1696, 81, 'Miroir'),
	(1697, 81, 'Poubelle'),
	(1698, 81, 'Détecteur de fumée'),
	(1699, 81, 'Radiateur'),
	(1700, 81, 'Isolation'),
	(1701, 81, 'Aspirateur'),
	(1702, 82, 'Réfrigérateur'),
	(1703, 82, 'Plaque de cuisson'),
	(1704, 82, 'Four'),
	(1705, 82, 'Micro-ondes'),
	(1706, 82, 'Évier'),
	(1707, 82, 'Rangements'),
	(1708, 82, 'Vaisselle'),
	(1709, 82, '2 chaises'),
	(1710, 82, 'Table'),
	(1711, 82, 'Télévision'),
	(1712, 82, 'Livebox'),
	(1713, 82, 'Lampes'),
	(1714, 82, 'Lit'),
	(1715, 82, 'Douche'),
	(1716, 82, 'Toilettes'),
	(1717, 82, 'Miroir'),
	(1718, 82, 'Poubelle'),
	(1719, 82, 'Détecteur de fumée'),
	(1720, 82, 'Radiateur'),
	(1721, 82, 'Isolation'),
	(1722, 82, 'Aspirateur'),
	(1723, 83, 'Réfrigérateur'),
	(1724, 83, 'Plaque de cuisson'),
	(1725, 83, 'Four'),
	(1726, 83, 'Micro-ondes'),
	(1727, 83, 'Évier'),
	(1728, 83, 'Rangements'),
	(1729, 83, 'Vaisselle'),
	(1730, 83, '2 chaises'),
	(1731, 83, 'Table'),
	(1732, 83, 'Télévision'),
	(1733, 83, 'Livebox'),
	(1734, 83, 'Lampes'),
	(1735, 83, 'Lit'),
	(1736, 83, 'Douche'),
	(1737, 83, 'Toilettes'),
	(1738, 83, 'Miroir'),
	(1739, 83, 'Poubelle'),
	(1740, 83, 'Détecteur de fumée'),
	(1741, 83, 'Radiateur'),
	(1742, 83, 'Isolation'),
	(1743, 83, 'Aspirateur'),
	(1744, 84, 'Réfrigérateur'),
	(1745, 84, 'Plaque de cuisson'),
	(1746, 84, 'Four'),
	(1747, 84, 'Micro-ondes'),
	(1748, 84, 'Évier'),
	(1749, 84, 'Rangements'),
	(1750, 84, 'Vaisselle'),
	(1751, 84, '2 chaises'),
	(1752, 84, 'Table'),
	(1753, 84, 'Télévision'),
	(1754, 84, 'Livebox'),
	(1755, 84, 'Lampes'),
	(1756, 84, 'Lit'),
	(1757, 84, 'Douche'),
	(1758, 84, 'Toilettes'),
	(1759, 84, 'Miroir'),
	(1760, 84, 'Poubelle'),
	(1761, 84, 'Détecteur de fumée'),
	(1762, 84, 'Radiateur'),
	(1763, 84, 'Isolation'),
	(1764, 84, 'Aspirateur'),
	(1765, 85, 'Réfrigérateur'),
	(1766, 85, 'Plaque de cuisson'),
	(1767, 85, 'Four'),
	(1768, 85, 'Micro-ondes'),
	(1769, 85, 'Évier'),
	(1770, 85, 'Rangements'),
	(1771, 85, 'Vaisselle'),
	(1772, 85, '2 chaises'),
	(1773, 85, 'Table'),
	(1774, 85, 'Télévision'),
	(1775, 85, 'Livebox'),
	(1776, 85, 'Lampes'),
	(1777, 85, 'Lit'),
	(1778, 85, 'Douche'),
	(1779, 85, 'Toilettes'),
	(1780, 85, 'Miroir'),
	(1781, 85, 'Poubelle'),
	(1782, 85, 'Détecteur de fumée'),
	(1783, 85, 'Radiateur'),
	(1784, 85, 'Isolation'),
	(1785, 85, 'Aspirateur'),
	(1786, 86, 'Réfrigérateur'),
	(1787, 86, 'Plaque de cuisson'),
	(1788, 86, 'Four'),
	(1789, 86, 'Micro-ondes'),
	(1790, 86, 'Évier'),
	(1791, 86, 'Rangements'),
	(1792, 86, 'Vaisselle'),
	(1793, 86, '2 chaises'),
	(1794, 86, 'Table'),
	(1795, 86, 'Télévision'),
	(1796, 86, 'Livebox'),
	(1797, 86, 'Lampes'),
	(1798, 86, 'Lit'),
	(1799, 86, 'Douche'),
	(1800, 86, 'Toilettes'),
	(1801, 86, 'Miroir'),
	(1802, 86, 'Poubelle'),
	(1803, 86, 'Détecteur de fumée'),
	(1804, 86, 'Radiateur'),
	(1805, 86, 'Isolation'),
	(1806, 86, 'Aspirateur'),
	(1807, 87, 'Réfrigérateur'),
	(1808, 87, 'Plaque de cuisson'),
	(1809, 87, 'Four'),
	(1810, 87, 'Micro-ondes'),
	(1811, 87, 'Évier'),
	(1812, 87, 'Rangements'),
	(1813, 87, 'Vaisselle'),
	(1814, 87, '2 chaises'),
	(1815, 87, 'Table'),
	(1816, 87, 'Télévision'),
	(1817, 87, 'Livebox'),
	(1818, 87, 'Lampes'),
	(1819, 87, 'Lit'),
	(1820, 87, 'Douche'),
	(1821, 87, 'Toilettes'),
	(1822, 87, 'Miroir'),
	(1823, 87, 'Poubelle'),
	(1824, 87, 'Détecteur de fumée'),
	(1825, 87, 'Radiateur'),
	(1826, 87, 'Isolation'),
	(1827, 87, 'Aspirateur'),
	(1828, 88, 'Réfrigérateur'),
	(1829, 88, 'Plaque de cuisson'),
	(1830, 88, 'Four'),
	(1831, 88, 'Micro-ondes'),
	(1832, 88, 'Évier'),
	(1833, 88, 'Rangements'),
	(1834, 88, 'Vaisselle'),
	(1835, 88, '2 chaises'),
	(1836, 88, 'Table'),
	(1837, 88, 'Télévision'),
	(1838, 88, 'Livebox'),
	(1839, 88, 'Lampes'),
	(1840, 88, 'Lit'),
	(1841, 88, 'Douche'),
	(1842, 88, 'Toilettes'),
	(1843, 88, 'Miroir'),
	(1844, 88, 'Poubelle'),
	(1845, 88, 'Détecteur de fumée'),
	(1846, 88, 'Radiateur'),
	(1847, 88, 'Isolation'),
	(1848, 88, 'Aspirateur'),
	(1849, 89, 'Réfrigérateur'),
	(1850, 89, 'Plaque de cuisson'),
	(1851, 89, 'Four'),
	(1852, 89, 'Micro-ondes'),
	(1853, 89, 'Évier'),
	(1854, 89, 'Rangements'),
	(1855, 89, 'Vaisselle'),
	(1856, 89, '2 chaises'),
	(1857, 89, 'Table'),
	(1858, 89, 'Télévision'),
	(1859, 89, 'Livebox'),
	(1860, 89, 'Lampes'),
	(1861, 89, 'Lit'),
	(1862, 89, 'Douche'),
	(1863, 89, 'Toilettes'),
	(1864, 89, 'Miroir'),
	(1865, 89, 'Poubelle'),
	(1866, 89, 'Détecteur de fumée'),
	(1867, 89, 'Radiateur'),
	(1868, 89, 'Isolation'),
	(1869, 89, 'Aspirateur'),
	(1870, 90, 'Réfrigérateur'),
	(1871, 90, 'Plaque de cuisson'),
	(1872, 90, 'Four'),
	(1873, 90, 'Micro-ondes'),
	(1874, 90, 'Évier'),
	(1875, 90, 'Rangements'),
	(1876, 90, 'Vaisselle'),
	(1877, 90, '2 chaises'),
	(1878, 90, 'Table'),
	(1879, 90, 'Télévision'),
	(1880, 90, 'Livebox'),
	(1881, 90, 'Lampes'),
	(1882, 90, 'Lit'),
	(1883, 90, 'Douche'),
	(1884, 90, 'Toilettes'),
	(1885, 90, 'Miroir'),
	(1886, 90, 'Poubelle'),
	(1887, 90, 'Détecteur de fumée'),
	(1888, 90, 'Radiateur'),
	(1889, 90, 'Isolation'),
	(1890, 90, 'Aspirateur'),
	(1891, null, 'Réfrigérateur'),
	(1892, null, 'Plaque de cuisson'),
	(1893, null, 'Four'),
	(1894, null, 'Micro-ondes'),
	(1895, null, 'Évier'),
	(1896, null, 'Rangements'),
	(1897, null, 'Vaisselle'),
	(1898, null, '2 chaises'),
	(1899, null, 'Table'),
	(1900, null, 'Télévision'),
	(1901, null, 'Livebox'),
	(1902, null, 'Lampes'),
	(1903, null, 'Lit'),
	(1904, null, 'Douche'),
	(1905, null, 'Toilettes'),
	(1906, null, 'Miroir'),
	(1907, null, 'Poubelle'),
	(1908, null, 'Détecteur de fumée'),
	(1909, null, 'Radiateur'),
	(1910, null, 'Isolation'),
	(1911, null, 'Aspirateur'),
	(1912, null, 'Réfrigérateur'),
	(1913, null, 'Plaque de cuisson'),
	(1914, null, 'Four'),
	(1915, null, 'Micro-ondes'),
	(1916, null, 'Évier'),
	(1917, null, 'Rangements'),
	(1918, null, 'Vaisselle'),
	(1919, null, '2 chaises'),
	(1920, null, 'Table'),
	(1921, null, 'Télévision'),
	(1922, null, 'Livebox'),
	(1923, null, 'Lampes'),
	(1924, null, 'Lit'),
	(1925, null, 'Douche'),
	(1926, null, 'Toilettes'),
	(1927, null, 'Miroir'),
	(1928, null, 'Poubelle'),
	(1929, null, 'Détecteur de fumée'),
	(1930, null, 'Radiateur'),
	(1931, null, 'Isolation'),
	(1932, null, 'Aspirateur');

INSERT INTO intervenant(
	id_intervenant, id_personne, domaine, entreprise)
	VALUES
	(1, 4, 'Plomberie', 'PlombierPro'),
	(2, 27, 'Électricité', 'VoltMaster'),
	(3, 65, 'Jardinage', 'GreenThumb Services'),
	(4, 18, 'Maçonnerie', 'BâtirPlus'),
	(5, 42, 'Peinture', 'ColoriForte'),
	(6, 73, 'Chauffage', 'ThermoFix'),
	(7, 59, 'Sécurité', 'SafeGuard Solutions'),
	(8, 12, 'Menuiserie', 'BoisMagique'),
	(9, 34, 'Nettoyage', 'NettoyageExpress'),
	(10, 51, 'Plomberie', 'PlombierZen');

INSERT INTO intervention(
	id_intervention, id_intervenant, description, id_logement, urgence)
	VALUES
	(1, 8, 'réparer table', 77, 'basse'),
	(2, 4, 'ravallement de façade', 14, 'basse'),
	(3, 1, 'lavabo cassé', 31, 'moyenne'),
	(4, 2, 'lampe cassée', 24, 'haute'),
	(5, 6, 'radiateur cassé', 1, 'basse'),
	(6, 9, 'Ménage', 57, 'haute'),
	(7, 10, 'douche cassée', 89, 'moyenne'),
	(8, 1, 'douche fuite', 12, 'moyenne'),
	(9, 2, 'prise non fonctionnelle', 3, 'basse'),
	(10, 4, 'ravallement de façade', 49, 'basse'),
	(11, 4, 'ravallement de façade', 2, 'moyenne'),
	(12, 4, 'ravallement de façade', 77, 'haute'),
	(13, 3, 'tailler la haie', 13, 'basse'),
	(14, 6, 'radiateur ne marche plus', 45, 'haute'),
	(15, 7, 'Serrure à changer', 62, 'moyenne'),
	(16, 2, 'plaque de cuisson ne marche pas', 82, 'haute'),
	(17, 8, 'Réparation de chaise', 90, 'basse'),
	(18, 9, 'Ménage', 1, 'basse'),
	(19, 5, 'peinture de murs', 63, 'moyenne'),
	(20, 5, 'bouchage de trou pour prise', 69, 'moyenne');

INSERT INTO interv_equi(
	id_intervention, id_equipement, id_remplacement)
	VALUES
	(1, 1605, 1899),
	(3, 635, 1895),
	(4, 495, 1902),
	(5, 19, 1909),
	(14, 943, 1930),
	(16, 1703, 1892);